INFO 2025-05-09 14:05:08,177 autoreload Watching for file changes with StatReloader
WARNING 2025-05-10 02:10:42,285 log Not Found: /api/pdfs/
WARNING 2025-05-10 02:10:42,326 log Not Found: /favicon.ico
WARNING 2025-05-10 02:22:15,282 log Not Found: /api/pdfs/
INFO 2025-05-24 13:17:43,933 autoreload Watching for file changes with StatReloader
INFO 2025-05-24 13:18:11,230 autoreload Watching for file changes with StatReloader
INFO 2025-05-24 13:19:20,551 autoreload Watching for file changes with StatReloader
INFO 2025-05-24 13:19:50,171 basehttp "GET / HTTP/1.1" 200 125531
WARNING 2025-05-24 13:19:50,226 log Not Found: /api/pdfs/
WARNING 2025-05-24 13:19:50,227 basehttp "GET /api/pdfs/ HTTP/1.1" 404 179
INFO 2025-05-24 13:19:50,308 basehttp "GET /api/order-counts/get_counts/?status=Ready%20to%20Process HTTP/1.1" 200 180
INFO 2025-05-24 13:19:50,395 basehttp "GET /api/order-counts/get_counts/?status=Ready%20to%20Process HTTP/1.1" 200 180
INFO 2025-05-24 13:19:50,467 basehttp "GET /api/order-counts/get_counts/?status=Ready%20to%20Process HTTP/1.1" 200 180
INFO 2025-05-24 13:19:50,536 basehttp "GET /api/order-counts/get_counts/?status=Ready%20to%20Process HTTP/1.1" 200 180
WARNING 2025-05-24 13:19:50,987 log Not Found: /favicon.ico
WARNING 2025-05-24 13:19:50,987 basehttp "GET /favicon.ico HTTP/1.1" 404 179
INFO 2025-05-24 13:19:59,399 basehttp "GET /api/picklists/ HTTP/1.1" 200 4325
INFO 2025-05-24 13:19:59,446 basehttp "GET /api/picklists/ HTTP/1.1" 200 4325
INFO 2025-05-24 13:19:59,495 basehttp "GET /api/picklists/ HTTP/1.1" 200 4325
INFO 2025-05-24 13:20:00,939 basehttp "GET /api/order-counts/get_counts/?status=Ready%20to%20Process HTTP/1.1" 200 180
INFO 2025-05-24 13:20:01,000 basehttp "GET /api/order-counts/get_counts/?status=Ready%20to%20Process HTTP/1.1" 200 180
INFO 2025-05-24 13:20:01,063 basehttp "GET /api/order-counts/get_counts/?status=Ready%20to%20Process HTTP/1.1" 200 180
INFO 2025-05-24 13:20:34,975 basehttp "GET /api/single-orders/?platform=FLIPKART&status=Ready%20to%20Process HTTP/1.1" 200 1216
INFO 2025-05-24 13:20:35,046 basehttp "POST /api/order-counts/process_orders/ HTTP/1.1" 200 336
INFO 2025-05-24 13:20:37,892 basehttp "GET /api/order-counts/get_counts/?status=Ready%20to%20Process HTTP/1.1" 200 180
INFO 2025-05-24 13:20:41,196 basehttp "GET /api/single-orders/?platform=MEESHO&status=Ready%20to%20Process HTTP/1.1" 200 291788
INFO 2025-05-24 13:20:42,816 basehttp "POST /api/order-counts/process_orders/ HTTP/1.1" 200 21459
INFO 2025-05-24 13:20:44,407 basehttp "GET /api/order-counts/get_counts/?status=Ready%20to%20Process HTTP/1.1" 200 175
INFO 2025-05-24 13:20:45,012 basehttp "GET /api/multi-orders/?platform=MEESHO&status=Ready%20to%20Process HTTP/1.1" 200 10570
INFO 2025-05-24 13:20:45,176 basehttp "POST /api/order-counts/process_orders/ HTTP/1.1" 200 988
INFO 2025-05-24 13:20:46,623 basehttp "GET /api/order-counts/get_counts/?status=Ready%20to%20Process HTTP/1.1" 200 173
INFO 2025-05-24 13:20:47,547 basehttp "GET /api/picklists/ HTTP/1.1" 200 8050
INFO 2025-05-24 13:20:47,702 basehttp "GET /api/picklists/ HTTP/1.1" 200 8050
INFO 2025-05-24 13:20:47,855 basehttp "GET /api/picklists/ HTTP/1.1" 200 8050
INFO 2025-05-24 13:20:52,453 basehttp "POST /api/picklists/delete-bulk/ HTTP/1.1" 200 93
INFO 2025-05-24 13:20:54,050 basehttp "GET /api/picklists/ HTTP/1.1" 200 2
INFO 2025-05-24 13:20:55,431 basehttp "GET /api/picklists/ HTTP/1.1" 200 2
INFO 2025-05-24 13:20:55,486 basehttp "GET /api/picklists/ HTTP/1.1" 200 2
INFO 2025-05-24 13:20:55,537 basehttp "GET /api/picklists/ HTTP/1.1" 200 2
INFO 2025-05-24 13:20:56,099 basehttp "GET /api/picklists/dispatch/ HTTP/1.1" 200 69
INFO 2025-05-24 13:20:56,151 basehttp "GET /api/picklists/dispatch/ HTTP/1.1" 200 69
INFO 2025-05-24 13:20:56,204 basehttp "GET /api/picklists/dispatch/ HTTP/1.1" 200 69
INFO 2025-05-24 13:20:57,107 basehttp "GET /api/order-counts/get_counts/?status=Ready%20to%20Process HTTP/1.1" 200 173
INFO 2025-05-24 13:20:57,282 basehttp "GET /api/order-counts/get_counts/?status=Ready%20to%20Process HTTP/1.1" 200 173
INFO 2025-05-24 13:20:57,362 basehttp "GET /api/order-counts/get_counts/?status=Ready%20to%20Process HTTP/1.1" 200 173
INFO 2025-05-24 13:23:41,078 basehttp "POST /api/pdf-uploads/process-files/ HTTP/1.1" 200 175
INFO 2025-05-24 13:23:41,147 basehttp "GET /api/order-counts/get_counts/?status=Ready%20to%20Process HTTP/1.1" 200 179
INFO 2025-05-24 13:23:45,123 basehttp "GET /api/single-orders/?platform=FIRSTCRY&status=Ready%20to%20Process HTTP/1.1" 200 60242
INFO 2025-05-24 13:23:45,539 basehttp "POST /api/order-counts/process_orders/ HTTP/1.1" 200 7366
INFO 2025-05-24 13:23:47,261 basehttp "GET /api/order-counts/get_counts/?status=Ready%20to%20Process HTTP/1.1" 200 177
INFO 2025-05-24 13:23:47,862 basehttp "GET /api/picklists/ HTTP/1.1" 200 981
INFO 2025-05-24 13:23:47,909 basehttp "GET /api/picklists/ HTTP/1.1" 200 981
INFO 2025-05-24 13:23:47,957 basehttp "GET /api/picklists/ HTTP/1.1" 200 981
INFO 2025-05-24 13:23:53,708 basehttp "GET /api/order-counts/get_counts/?status=Ready%20to%20Process HTTP/1.1" 200 177
INFO 2025-05-24 13:23:53,770 basehttp "GET /api/order-counts/get_counts/?status=Ready%20to%20Process HTTP/1.1" 200 177
INFO 2025-05-24 13:23:53,829 basehttp "GET /api/order-counts/get_counts/?status=Ready%20to%20Process HTTP/1.1" 200 177
INFO 2025-05-24 13:24:00,090 basehttp "GET /api/picklists/ HTTP/1.1" 200 981
INFO 2025-05-24 13:24:00,136 basehttp "GET /api/picklists/ HTTP/1.1" 200 981
INFO 2025-05-24 13:24:00,181 basehttp "GET /api/picklists/ HTTP/1.1" 200 981
INFO 2025-05-24 13:24:00,226 basehttp "GET /api/picklists/ HTTP/1.1" 200 981
INFO 2025-05-24 13:24:00,271 basehttp "GET /api/picklists/ HTTP/1.1" 200 981
INFO 2025-05-24 13:24:00,317 basehttp "GET /api/picklists/ HTTP/1.1" 200 981
INFO 2025-05-24 13:24:01,415 basehttp "GET /api/picklists/ HTTP/1.1" 200 981
INFO 2025-05-24 13:24:01,460 basehttp "GET /api/picklists/ HTTP/1.1" 200 981
INFO 2025-05-24 13:24:01,511 basehttp "GET /api/picklists/ HTTP/1.1" 200 981
INFO 2025-05-24 13:24:04,251 basehttp "GET /picklist-details/111004/ HTTP/1.1" 200 34348
INFO 2025-05-24 13:24:04,597 basehttp "GET /api/picklists/111004/ HTTP/1.1" 200 6909
INFO 2025-05-24 13:24:07,037 basehttp "POST /api/picklists/111004/assign-picker/ HTTP/1.1" 200 64
INFO 2025-05-24 13:24:07,108 basehttp "GET /api/picklists/111004/ HTTP/1.1" 200 6959
INFO 2025-05-24 13:24:09,337 basehttp "POST /api/picklists/111004/mark-items-picked/ HTTP/1.1" 200 76
INFO 2025-05-24 13:24:09,387 basehttp "POST /api/picklists/111004/update-status/ HTTP/1.1" 200 80
INFO 2025-05-24 13:24:09,459 basehttp "GET /api/picklists/111004/ HTTP/1.1" 200 6909
INFO 2025-05-24 13:24:10,966 basehttp "GET / HTTP/1.1" 200 125531
WARNING 2025-05-24 13:24:10,997 log Not Found: /api/pdfs/
WARNING 2025-05-24 13:24:10,999 basehttp "GET /api/pdfs/ HTTP/1.1" 404 179
INFO 2025-05-24 13:24:11,069 basehttp "GET /api/order-counts/get_counts/?status=Ready%20to%20Process HTTP/1.1" 200 177
INFO 2025-05-24 13:24:11,253 basehttp "GET /api/order-counts/get_counts/?status=Ready%20to%20Process HTTP/1.1" 200 177
INFO 2025-05-24 13:24:11,342 basehttp "GET /api/order-counts/get_counts/?status=Ready%20to%20Process HTTP/1.1" 200 177
INFO 2025-05-24 13:24:11,410 basehttp "GET /api/order-counts/get_counts/?status=Ready%20to%20Process HTTP/1.1" 200 177
INFO 2025-05-24 13:24:12,105 basehttp "GET /api/picklists/ HTTP/1.1" 200 981
INFO 2025-05-24 13:24:12,150 basehttp "GET /api/picklists/ HTTP/1.1" 200 981
INFO 2025-05-24 13:24:12,196 basehttp "GET /api/picklists/ HTTP/1.1" 200 981
INFO 2025-05-24 13:24:13,654 basehttp "GET /pack-stage/?picklist_id=111004 HTTP/1.1" 200 191110
WARNING 2025-05-24 13:24:13,672 log Not Found: /static/images/placeholder.png
WARNING 2025-05-24 13:24:13,673 basehttp "GET /static/images/placeholder.png HTTP/1.1" 404 179
INFO 2025-05-24 13:24:14,189 basehttp "GET /api/picklists/search/?picklist_id=111004 HTTP/1.1" 200 9973
INFO 2025-05-24 13:24:17,746 basehttp "GET /api/products/image-by-sku/?sku=SOCKS-SET5-DIANASOR HTTP/1.1" 200 222
WARNING 2025-05-24 13:24:17,751 log Not Found: /static/images/no_image_found.jpg
WARNING 2025-05-24 13:24:17,752 basehttp "GET /static/images/no_image_found.jpg HTTP/1.1" 404 179
INFO 2025-05-24 13:25:01,874 basehttp "GET /pack-stage/?picklist_id=111004 HTTP/1.1" 200 191110
WARNING 2025-05-24 13:25:01,895 log Not Found: /static/images/placeholder.png
WARNING 2025-05-24 13:25:01,896 basehttp "GET /static/images/placeholder.png HTTP/1.1" 404 179
INFO 2025-05-24 13:25:02,119 basehttp "GET /api/picklists/search/?picklist_id=111004 HTTP/1.1" 200 9973
INFO 2025-05-24 13:25:33,311 basehttp "GET /api/products/image-by-sku/?sku=BS-02 HTTP/1.1" 200 207
WARNING 2025-05-24 13:25:33,317 log Not Found: /static/images/no_image_found.jpg
WARNING 2025-05-24 13:25:33,317 basehttp "GET /static/images/no_image_found.jpg HTTP/1.1" 404 179
INFO 2025-05-24 13:25:35,025 basehttp "POST /api/print-label/ HTTP/1.1" 200 227
INFO 2025-05-24 13:25:35,074 basehttp "GET /api/orders/17045303KYVFEC5F7A/download/ HTTP/1.1" 200 74249
INFO 2025-05-24 13:25:37,548 basehttp "POST /api/print-invoice/ HTTP/1.1" 200 227
INFO 2025-05-24 13:25:37,566 basehttp "POST /api/orders/mark-printed/ HTTP/1.1" 200 147
INFO 2025-05-24 13:25:37,609 basehttp "GET /api/orders/17045303KYVFEC5F7A/download/ HTTP/1.1" 200 74249
INFO 2025-05-24 13:33:22,696 basehttp "GET /pack-stage/?picklist_id=111004 HTTP/1.1" 200 192239
WARNING 2025-05-24 13:33:22,714 log Not Found: /static/images/placeholder.png
WARNING 2025-05-24 13:33:22,715 basehttp "GET /static/images/placeholder.png HTTP/1.1" 404 179
INFO 2025-05-24 13:33:22,934 basehttp "GET /api/picklists/search/?picklist_id=111004 HTTP/1.1" 200 9977
INFO 2025-05-24 13:33:31,875 basehttp "GET /api/products/image-by-sku/?sku=BS-02 HTTP/1.1" 200 207
WARNING 2025-05-24 13:33:31,879 log Not Found: /static/images/no_image_found.jpg
WARNING 2025-05-24 13:33:31,879 basehttp "GET /static/images/no_image_found.jpg HTTP/1.1" 404 179
INFO 2025-05-24 13:33:33,908 basehttp "POST /api/print-label/ HTTP/1.1" 200 227
INFO 2025-05-24 13:33:33,958 basehttp "GET /api/orders/20560333YVB0FEE2CC/download/ HTTP/1.1" 200 74611
INFO 2025-05-24 13:33:35,816 basehttp "POST /api/print-invoice/ HTTP/1.1" 200 227
INFO 2025-05-24 13:33:35,823 basehttp "POST /api/orders/mark-printed/ HTTP/1.1" 200 147
INFO 2025-05-24 13:33:35,965 basehttp "GET /api/orders/20560333YVB0FEE2CC/download/ HTTP/1.1" 200 74611
INFO 2025-05-24 13:44:26,025 basehttp "GET /pack-stage/?picklist_id=111004 HTTP/1.1" 200 195270
WARNING 2025-05-24 13:44:26,042 log Not Found: /static/images/placeholder.png
WARNING 2025-05-24 13:44:26,043 basehttp "GET /static/images/placeholder.png HTTP/1.1" 404 179
INFO 2025-05-24 13:44:26,263 basehttp "GET /api/picklists/search/?picklist_id=111004 HTTP/1.1" 200 9981
INFO 2025-05-24 13:44:33,534 basehttp "GET /api/products/image-by-sku/?sku=BS-02 HTTP/1.1" 200 207
WARNING 2025-05-24 13:44:33,538 log Not Found: /static/images/no_image_found.jpg
WARNING 2025-05-24 13:44:33,538 basehttp "GET /static/images/no_image_found.jpg HTTP/1.1" 404 179
INFO 2025-05-24 13:44:36,146 basehttp "POST /api/print-label/ HTTP/1.1" 200 227
INFO 2025-05-24 13:44:36,303 basehttp "GET /api/orders/25063060VGVFEF40B0/download/ HTTP/1.1" 200 90175
INFO 2025-05-24 13:44:37,920 basehttp "POST /api/print-invoice/ HTTP/1.1" 200 227
INFO 2025-05-24 13:44:37,925 basehttp "POST /api/orders/mark-printed/ HTTP/1.1" 200 147
INFO 2025-05-24 13:44:37,968 basehttp "GET /api/orders/25063060VGVFEF40B0/download/ HTTP/1.1" 200 90175
INFO 2025-05-24 13:52:51,892 basehttp "GET /pack-stage/?picklist_id=111004 HTTP/1.1" 200 199111
WARNING 2025-05-24 13:52:51,914 log Not Found: /static/images/placeholder.png
WARNING 2025-05-24 13:52:51,915 basehttp "GET /static/images/placeholder.png HTTP/1.1" 404 179
INFO 2025-05-24 13:52:52,182 basehttp "GET /api/picklists/search/?picklist_id=111004 HTTP/1.1" 200 9985
INFO 2025-05-24 13:53:01,977 basehttp "GET /api/products/image-by-sku/?sku=BL-Packof3-BlackPinkDarkGrey-2-4Y HTTP/1.1" 200 228
WARNING 2025-05-24 13:53:01,982 log Not Found: /static/images/no_image_found.jpg
WARNING 2025-05-24 13:53:01,983 basehttp "GET /static/images/no_image_found.jpg HTTP/1.1" 404 179
INFO 2025-05-24 13:53:03,539 basehttp "POST /api/print-label/ HTTP/1.1" 200 227
INFO 2025-05-24 13:53:03,586 basehttp "GET /api/orders/30079990HHT2E81AEB/download/ HTTP/1.1" 200 90375
INFO 2025-05-24 13:53:05,318 basehttp "POST /api/print-invoice/ HTTP/1.1" 200 227
INFO 2025-05-24 13:53:05,324 basehttp "POST /api/orders/mark-printed/ HTTP/1.1" 200 147
INFO 2025-05-24 13:53:05,367 basehttp "GET /api/orders/30079990HHT2E81AEB/download/ HTTP/1.1" 200 90375
INFO 2025-05-24 13:57:09,918 basehttp "GET /pack-stage/?picklist_id=111004 HTTP/1.1" 200 201456
WARNING 2025-05-24 13:57:09,939 log Not Found: /static/images/placeholder.png
WARNING 2025-05-24 13:57:09,940 basehttp "GET /static/images/placeholder.png HTTP/1.1" 404 179
INFO 2025-05-24 13:57:10,164 basehttp "GET /api/picklists/search/?picklist_id=111004 HTTP/1.1" 200 9989
INFO 2025-05-24 13:57:16,306 basehttp "GET /api/products/image-by-sku/?sku=BL-Packof3-BlackPinkDarkGrey-2-4Y HTTP/1.1" 200 228
WARNING 2025-05-24 13:57:16,310 log Not Found: /static/images/no_image_found.jpg
WARNING 2025-05-24 13:57:16,311 basehttp "GET /static/images/no_image_found.jpg HTTP/1.1" 404 179
INFO 2025-05-24 13:57:18,768 basehttp "POST /api/print-label/ HTTP/1.1" 200 225
INFO 2025-05-24 13:57:18,814 basehttp "GET /api/orders/4454999GRE11C56C3/download/ HTTP/1.1" 200 90453
INFO 2025-05-24 13:57:20,262 basehttp "POST /api/print-invoice/ HTTP/1.1" 200 225
INFO 2025-05-24 13:57:20,308 basehttp "GET /api/orders/4454999GRE11C56C3/download/ HTTP/1.1" 200 90453
INFO 2025-05-24 13:57:20,389 basehttp "POST /api/orders/mark-printed/ HTTP/1.1" 200 146
INFO 2025-05-24 14:02:39,606 basehttp "GET /pack-stage/?picklist_id=111004 HTTP/1.1" 200 200798
WARNING 2025-05-24 14:02:39,626 log Not Found: /static/images/placeholder.png
WARNING 2025-05-24 14:02:39,627 basehttp "GET /static/images/placeholder.png HTTP/1.1" 404 179
INFO 2025-05-24 14:02:39,854 basehttp "GET /api/picklists/search/?picklist_id=111004 HTTP/1.1" 200 9993
INFO 2025-05-24 14:02:47,258 basehttp "GET /api/products/image-by-sku/?sku=BS-02 HTTP/1.1" 200 207
WARNING 2025-05-24 14:02:47,262 log Not Found: /static/images/no_image_found.jpg
WARNING 2025-05-24 14:02:47,262 basehttp "GET /static/images/no_image_found.jpg HTTP/1.1" 404 179
INFO 2025-05-24 14:02:49,222 basehttp "POST /api/print-label/ HTTP/1.1" 200 227
INFO 2025-05-24 14:02:49,269 basehttp "GET /api/orders/23320730IZID49690F/download/ HTTP/1.1" 200 74549
INFO 2025-05-24 14:02:50,761 basehttp "POST /api/print-invoice/ HTTP/1.1" 200 227
INFO 2025-05-24 14:02:50,765 basehttp "POST /api/orders/mark-printed/ HTTP/1.1" 200 147
INFO 2025-05-24 14:02:50,810 basehttp "GET /api/orders/23320730IZID49690F/download/ HTTP/1.1" 200 74549
INFO 2025-05-24 14:03:00,024 basehttp "GET /pack-stage/?picklist_id=111004 HTTP/1.1" 200 200798
WARNING 2025-05-24 14:03:00,040 log Not Found: /static/images/placeholder.png
WARNING 2025-05-24 14:03:00,040 basehttp "GET /static/images/placeholder.png HTTP/1.1" 404 179
INFO 2025-05-24 14:03:00,229 basehttp "GET /api/picklists/search/?picklist_id=111004 HTTP/1.1" 200 9997
INFO 2025-05-24 14:07:44,340 basehttp "GET /pack-stage/?picklist_id=111004 HTTP/1.1" 200 202815
WARNING 2025-05-24 14:07:44,360 log Not Found: /static/images/placeholder.png
WARNING 2025-05-24 14:07:44,361 basehttp "GET /static/images/placeholder.png HTTP/1.1" 404 179
INFO 2025-05-24 14:07:44,568 basehttp "GET /api/picklists/search/?picklist_id=111004 HTTP/1.1" 200 9997
INFO 2025-05-24 14:07:51,147 basehttp "GET /api/products/image-by-sku/?sku=BS-02 HTTP/1.1" 200 207
WARNING 2025-05-24 14:07:51,150 log Not Found: /static/images/no_image_found.jpg
WARNING 2025-05-24 14:07:51,151 basehttp "GET /static/images/no_image_found.jpg HTTP/1.1" 404 179
INFO 2025-05-24 14:07:52,709 basehttp "POST /api/print-label/ HTTP/1.1" 200 227
INFO 2025-05-24 14:07:52,756 basehttp "GET /api/orders/30820745HFS8497A55/download/ HTTP/1.1" 200 90165
INFO 2025-05-24 14:07:54,413 basehttp "POST /api/orders/mark-printed/ HTTP/1.1" 200 147
INFO 2025-05-24 14:07:54,520 basehttp "POST /api/print-invoice/ HTTP/1.1" 200 227
INFO 2025-05-24 14:07:54,566 basehttp "GET /api/orders/30820745HFS8497A55/download/ HTTP/1.1" 200 90165
INFO 2025-05-24 14:08:00,573 basehttp "POST /api/print-label/ HTTP/1.1" 200 227
INFO 2025-05-24 14:08:00,717 basehttp "GET /api/orders/34844144XKN2F52D0D/download/ HTTP/1.1" 200 75173
INFO 2025-05-24 14:08:05,296 basehttp "POST /api/print-invoice/ HTTP/1.1" 200 227
INFO 2025-05-24 14:08:05,305 basehttp "POST /api/orders/mark-printed/ HTTP/1.1" 200 147
INFO 2025-05-24 14:08:05,450 basehttp "GET /api/orders/34844144XKN2F52D0D/download/ HTTP/1.1" 200 75173
INFO 2025-05-24 14:15:07,027 basehttp "GET /pack-stage/?picklist_id=111004 HTTP/1.1" 200 202877
WARNING 2025-05-24 14:15:07,048 log Not Found: /static/images/placeholder.png
WARNING 2025-05-24 14:15:07,049 basehttp "GET /static/images/placeholder.png HTTP/1.1" 404 179
INFO 2025-05-24 14:15:07,385 basehttp "GET /api/picklists/search/?picklist_id=111004 HTTP/1.1" 200 10005
INFO 2025-05-24 14:15:13,451 basehttp "GET /api/products/image-by-sku/?sku=BS-02 HTTP/1.1" 200 207
WARNING 2025-05-24 14:15:13,455 log Not Found: /static/images/no_image_found.jpg
WARNING 2025-05-24 14:15:13,456 basehttp "GET /static/images/no_image_found.jpg HTTP/1.1" 404 179
INFO 2025-05-24 14:15:15,655 basehttp "POST /api/print-label/ HTTP/1.1" 200 227
INFO 2025-05-24 14:15:15,703 basehttp "GET /api/orders/31404824BHJ8C0188B/download/ HTTP/1.1" 200 74488
INFO 2025-05-24 14:15:17,101 basehttp "POST /api/print-invoice/ HTTP/1.1" 200 227
INFO 2025-05-24 14:15:17,105 basehttp "POST /api/orders/mark-printed/ HTTP/1.1" 200 147
INFO 2025-05-24 14:15:17,150 basehttp "GET /api/orders/31404824BHJ8C0188B/download/ HTTP/1.1" 200 74488
INFO 2025-05-24 14:17:12,886 basehttp "GET /pack-stage/?picklist_id=111004 HTTP/1.1" 200 202877
WARNING 2025-05-24 14:17:12,905 log Not Found: /static/images/placeholder.png
WARNING 2025-05-24 14:17:12,906 basehttp "GET /static/images/placeholder.png HTTP/1.1" 404 179
INFO 2025-05-24 14:17:13,103 basehttp "GET /api/picklists/search/?picklist_id=111004 HTTP/1.1" 200 10009
INFO 2025-05-24 14:19:05,834 basehttp "GET /pack-stage/?picklist_id=111004 HTTP/1.1" 200 202877
WARNING 2025-05-24 14:19:05,851 log Not Found: /static/images/placeholder.png
WARNING 2025-05-24 14:19:05,852 basehttp "GET /static/images/placeholder.png HTTP/1.1" 404 179
INFO 2025-05-24 14:19:06,048 basehttp "GET /api/picklists/search/?picklist_id=111004 HTTP/1.1" 200 10009
INFO 2025-05-24 14:22:19,588 basehttp "GET /pack-stage/?picklist_id=111004 HTTP/1.1" 200 202877
WARNING 2025-05-24 14:22:19,611 log Not Found: /static/images/placeholder.png
WARNING 2025-05-24 14:22:19,611 basehttp "GET /static/images/placeholder.png HTTP/1.1" 404 179
INFO 2025-05-24 14:22:19,807 basehttp "GET /api/picklists/search/?picklist_id=111004 HTTP/1.1" 200 10009
INFO 2025-05-24 14:22:44,503 basehttp "GET /pack-stage/?picklist_id=111004 HTTP/1.1" 200 202877
WARNING 2025-05-24 14:22:44,522 log Not Found: /static/images/placeholder.png
WARNING 2025-05-24 14:22:44,523 basehttp "GET /static/images/placeholder.png HTTP/1.1" 404 179
INFO 2025-05-24 14:22:44,808 basehttp "GET /api/picklists/search/?picklist_id=111004 HTTP/1.1" 200 10009
INFO 2025-05-24 14:36:43,141 basehttp "GET /pack-stage/?picklist_id=111004 HTTP/1.1" 200 52433
WARNING 2025-05-24 14:36:43,165 log Not Found: /static/images/placeholder.png
WARNING 2025-05-24 14:36:43,165 basehttp "GET /static/images/placeholder.png HTTP/1.1" 404 179
INFO 2025-05-24 14:36:43,397 basehttp "GET /api/picklists/search/?picklist_id=111004 HTTP/1.1" 200 10009
INFO 2025-05-24 14:36:47,236 basehttp "GET /api/products/image-by-sku/?sku=BS-02 HTTP/1.1" 200 207
WARNING 2025-05-24 14:36:47,240 log Not Found: /static/images/no_image_found.jpg
WARNING 2025-05-24 14:36:47,241 basehttp "GET /static/images/no_image_found.jpg HTTP/1.1" 404 179
INFO 2025-05-24 14:36:53,044 basehttp "POST /api/orders/mark-printed/ HTTP/1.1" 200 146
INFO 2025-05-24 14:37:00,377 basehttp "GET /api/products/image-by-sku/?sku=BS-02 HTTP/1.1" 200 207
WARNING 2025-05-24 14:37:00,381 log Not Found: /static/images/no_image_found.jpg
WARNING 2025-05-24 14:37:00,381 basehttp "GET /static/images/no_image_found.jpg HTTP/1.1" 404 179
INFO 2025-05-24 14:37:03,734 basehttp "POST /api/orders/mark-printed/ HTTP/1.1" 200 146
INFO 2025-05-24 14:41:03,100 basehttp "GET /pack-stage/?picklist_id=111004 HTTP/1.1" 200 75533
WARNING 2025-05-24 14:41:03,118 log Not Found: /static/images/placeholder.png
WARNING 2025-05-24 14:41:03,119 basehttp "GET /static/images/placeholder.png HTTP/1.1" 404 179
INFO 2025-05-24 14:41:03,331 basehttp "GET /api/picklists/search/?picklist_id=111004 HTTP/1.1" 200 10017
INFO 2025-05-24 14:41:10,291 basehttp "GET /api/products/image-by-sku/?sku=BS-02 HTTP/1.1" 200 207
WARNING 2025-05-24 14:41:10,296 log Not Found: /static/images/no_image_found.jpg
WARNING 2025-05-24 14:41:10,297 basehttp "GET /static/images/no_image_found.jpg HTTP/1.1" 404 179
INFO 2025-05-24 14:41:11,746 basehttp "POST /api/print-label/ HTTP/1.1" 200 225
INFO 2025-05-24 14:41:11,895 basehttp "GET /api/orders/7340056FHC68E0287/download/ HTTP/1.1" 200 74246
INFO 2025-05-24 14:41:13,534 basehttp "POST /api/orders/mark-printed/ HTTP/1.1" 200 146
INFO 2025-05-24 14:41:23,738 basehttp "GET /api/products/image-by-sku/?sku=BS-03 HTTP/1.1" 200 207
WARNING 2025-05-24 14:41:23,742 log Not Found: /static/images/no_image_found.jpg
WARNING 2025-05-24 14:41:23,742 basehttp "GET /static/images/no_image_found.jpg HTTP/1.1" 404 179
INFO 2025-05-24 14:41:25,720 basehttp "POST /api/print-label/ HTTP/1.1" 200 225
INFO 2025-05-24 14:41:25,767 basehttp "GET /api/orders/6014598WNKA696A5B/download/ HTTP/1.1" 200 74829
INFO 2025-05-24 14:41:27,744 basehttp "POST /api/orders/mark-printed/ HTTP/1.1" 200 146
INFO 2025-05-24 17:52:20,161 autoreload D:\New folder (3)\order-process\ordercycle\views\packing_views.py changed, reloading.
INFO 2025-05-24 17:52:21,354 autoreload Watching for file changes with StatReloader
INFO 2025-05-24 17:55:06,550 basehttp "GET /pack-stage/?picklist_id=111004 HTTP/1.1" 200 202877
WARNING 2025-05-24 17:55:06,570 log Not Found: /static/images/placeholder.png
WARNING 2025-05-24 17:55:06,570 basehttp "GET /static/images/placeholder.png HTTP/1.1" 404 179
INFO 2025-05-24 17:55:06,905 basehttp "GET /api/picklists/search/?picklist_id=111004 HTTP/1.1" 200 10025
INFO 2025-05-24 17:55:17,999 basehttp "GET /api/products/image-by-sku/?sku=BS-03 HTTP/1.1" 200 207
WARNING 2025-05-24 17:55:18,003 log Not Found: /static/images/no_image_found.jpg
WARNING 2025-05-24 17:55:18,003 basehttp "GET /static/images/no_image_found.jpg HTTP/1.1" 404 179
INFO 2025-05-24 17:55:20,018 basehttp "POST /api/print-label/ HTTP/1.1" 200 227
INFO 2025-05-24 17:55:20,065 basehttp "GET /api/orders/35668326AWHBBE7C19/download/ HTTP/1.1" 200 89921
INFO 2025-05-24 17:55:21,559 basehttp "POST /api/print-invoice/ HTTP/1.1" 200 227
INFO 2025-05-24 17:55:21,563 basehttp "POST /api/orders/mark-printed/ HTTP/1.1" 200 147
INFO 2025-05-24 17:55:21,609 basehttp "GET /api/orders/35668326AWHBBE7C19/download/ HTTP/1.1" 200 89921
WARNING 2025-05-24 17:55:38,139 log Bad Request: /api/orders/save-awb/
WARNING 2025-05-24 17:55:38,140 basehttp "POST /api/orders/save-awb/ HTTP/1.1" 400 198
INFO 2025-05-24 17:55:45,628 basehttp "POST /api/orders/save-awb/ HTTP/1.1" 200 379
INFO 2025-05-24 17:55:57,945 basehttp "GET /api/picklists/dispatch/ HTTP/1.1" 200 272
INFO 2025-05-24 17:55:58,233 basehttp "GET /api/picklists/dispatch/ HTTP/1.1" 200 272
INFO 2025-05-24 17:55:58,407 basehttp "GET /api/picklists/dispatch/ HTTP/1.1" 200 272
INFO 2025-05-24 17:56:07,911 basehttp "GET /api/search-dispatch-awb/?awb=4454999GRE11C56C3 HTTP/1.1" 200 14
INFO 2025-05-24 17:56:17,006 basehttp "GET /api/search-dispatch-awb/?awb=4454999GRE11C56C3 HTTP/1.1" 200 14
INFO 2025-05-24 17:56:21,516 basehttp "GET /api/search-dispatch-awb/?awb=4454999GRE11C56C3 HTTP/1.1" 200 14
INFO 2025-05-24 17:56:24,565 basehttp "GET /api/picklists/ HTTP/1.1" 200 981
INFO 2025-05-24 17:56:24,610 basehttp "GET /api/picklists/ HTTP/1.1" 200 981
INFO 2025-05-24 17:56:24,762 basehttp "GET /api/picklists/ HTTP/1.1" 200 981
INFO 2025-05-24 17:56:26,526 basehttp "GET /pack-stage/?picklist_id=111004 HTTP/1.1" 200 202877
WARNING 2025-05-24 17:56:26,551 log Not Found: /static/images/placeholder.png
WARNING 2025-05-24 17:56:26,551 basehttp "GET /static/images/placeholder.png HTTP/1.1" 404 179
INFO 2025-05-24 17:56:26,746 basehttp "GET /api/picklists/search/?picklist_id=111004 HTTP/1.1" 200 10028
WARNING 2025-05-24 17:56:36,995 log Bad Request: /api/orders/save-awb/
WARNING 2025-05-24 17:56:36,996 basehttp "POST /api/orders/save-awb/ HTTP/1.1" 400 198
INFO 2025-05-24 17:56:45,379 basehttp "POST /api/orders/save-awb/ HTTP/1.1" 200 379
INFO 2025-05-24 17:56:49,343 basehttp "GET /api/picklists/dispatch/ HTTP/1.1" 200 272
INFO 2025-05-24 17:56:49,517 basehttp "GET /api/picklists/dispatch/ HTTP/1.1" 200 272
INFO 2025-05-24 17:56:49,798 basehttp "GET /api/picklists/dispatch/ HTTP/1.1" 200 272
INFO 2025-05-24 17:56:53,759 basehttp "GET /api/search-dispatch-awb/?awb=11154997680 HTTP/1.1" 200 190
WARNING 2025-05-24 17:56:58,986 log Forbidden (CSRF token missing.): /api/orders/complete-by-awb/
WARNING 2025-05-24 17:56:58,987 basehttp "POST /api/orders/complete-by-awb/ HTTP/1.1" 403 1019
INFO 2025-05-24 17:57:01,034 basehttp "POST /api/orders/bulk-change-to-dispatch/ HTTP/1.1" 200 164
INFO 2025-05-24 17:57:07,931 basehttp "GET /api/search-dispatch-awb/?awb=11154997680 HTTP/1.1" 200 190
INFO 2025-05-24 17:57:08,057 basehttp "GET /api/picklists/dispatch/ HTTP/1.1" 200 68
INFO 2025-05-24 18:07:57,880 basehttp "GET / HTTP/1.1" 200 125531
WARNING 2025-05-24 18:07:57,912 log Not Found: /api/pdfs/
WARNING 2025-05-24 18:07:57,912 basehttp "GET /api/pdfs/ HTTP/1.1" 404 179
INFO 2025-05-24 18:07:57,995 basehttp "GET /api/order-counts/get_counts/?status=Ready%20to%20Process HTTP/1.1" 200 177
INFO 2025-05-24 18:07:58,065 basehttp "GET /api/order-counts/get_counts/?status=Ready%20to%20Process HTTP/1.1" 200 177
INFO 2025-05-24 18:07:58,135 basehttp "GET /api/order-counts/get_counts/?status=Ready%20to%20Process HTTP/1.1" 200 177
INFO 2025-05-24 18:07:58,202 basehttp "GET /api/order-counts/get_counts/?status=Ready%20to%20Process HTTP/1.1" 200 177
INFO 2025-05-24 18:07:59,326 basehttp "GET /api/picklists/ HTTP/1.1" 200 981
INFO 2025-05-24 18:07:59,369 basehttp "GET /api/picklists/ HTTP/1.1" 200 981
INFO 2025-05-24 18:07:59,520 basehttp "GET /api/picklists/ HTTP/1.1" 200 981
INFO 2025-05-24 18:08:00,946 basehttp "GET /pack-stage/?picklist_id=111004 HTTP/1.1" 200 202941
WARNING 2025-05-24 18:08:00,962 log Not Found: /static/images/placeholder.png
WARNING 2025-05-24 18:08:00,963 basehttp "GET /static/images/placeholder.png HTTP/1.1" 404 179
INFO 2025-05-24 18:08:01,165 basehttp "GET /api/picklists/search/?picklist_id=111004 HTTP/1.1" 200 9814
INFO 2025-05-24 18:08:08,229 basehttp "GET /api/products/image-by-sku/?sku=BS-03 HTTP/1.1" 200 207
WARNING 2025-05-24 18:08:08,233 log Not Found: /static/images/no_image_found.jpg
WARNING 2025-05-24 18:08:08,233 basehttp "GET /static/images/no_image_found.jpg HTTP/1.1" 404 179
INFO 2025-05-24 18:08:09,792 basehttp "POST /api/print-label/ HTTP/1.1" 200 227
INFO 2025-05-24 18:08:09,942 basehttp "GET /api/orders/24532921LJC696BF2B/download/ HTTP/1.1" 200 74382
INFO 2025-05-24 18:08:11,267 basehttp "POST /api/print-invoice/ HTTP/1.1" 200 227
INFO 2025-05-24 18:08:11,276 basehttp "POST /api/orders/mark-printed/ HTTP/1.1" 200 147
INFO 2025-05-24 18:08:11,315 basehttp "GET /api/orders/24532921LJC696BF2B/download/ HTTP/1.1" 200 74382
INFO 2025-05-24 18:08:19,745 basehttp "GET /api/products/image-by-sku/?sku=BabyLeggings-White-12-24M HTTP/1.1" 200 226
WARNING 2025-05-24 18:08:19,749 log Not Found: /static/images/no_image_found.jpg
WARNING 2025-05-24 18:08:19,750 basehttp "GET /static/images/no_image_found.jpg HTTP/1.1" 404 179
INFO 2025-05-24 18:08:22,295 basehttp "GET /api/products/image-by-sku/?sku=BS-03 HTTP/1.1" 200 207
WARNING 2025-05-24 18:08:22,299 log Not Found: /static/images/no_image_found.jpg
WARNING 2025-05-24 18:08:22,299 basehttp "GET /static/images/no_image_found.jpg HTTP/1.1" 404 179
INFO 2025-05-24 18:11:48,632 basehttp "GET /pack-stage/?picklist_id=111004 HTTP/1.1" 200 202622
WARNING 2025-05-24 18:11:48,652 log Not Found: /static/images/placeholder.png
WARNING 2025-05-24 18:11:48,652 basehttp "GET /static/images/placeholder.png HTTP/1.1" 404 179
INFO 2025-05-24 18:11:48,871 basehttp "GET /api/picklists/search/?picklist_id=111004 HTTP/1.1" 200 9818
INFO 2025-05-24 18:11:54,927 basehttp "GET /api/products/image-by-sku/?sku=BS-03 HTTP/1.1" 200 207
INFO 2025-05-24 18:11:54,976 basehttp "GET /api/products/image-by-sku/?sku=BS-03 HTTP/1.1" 200 207
INFO 2025-05-24 18:11:55,028 basehttp "GET /api/products/image-by-sku/?sku=BS-03 HTTP/1.1" 200 207
INFO 2025-05-24 18:11:55,077 basehttp "GET /api/products/image-by-sku/?sku=BS-03 HTTP/1.1" 200 207
INFO 2025-05-24 18:11:55,227 basehttp "GET /api/products/image-by-sku/?sku=BS-03 HTTP/1.1" 200 207
WARNING 2025-05-24 18:11:55,235 log Not Found: /static/images/no_image_found.jpg
WARNING 2025-05-24 18:11:55,236 basehttp "GET /static/images/no_image_found.jpg HTTP/1.1" 404 179
INFO 2025-05-24 18:11:55,276 basehttp "GET /api/products/image-by-sku/?sku=BS-03 HTTP/1.1" 200 207
WARNING 2025-05-24 18:11:55,286 log Not Found: /static/images/no_image_found.jpg
WARNING 2025-05-24 18:11:55,287 basehttp "GET /static/images/no_image_found.jpg HTTP/1.1" 404 179
INFO 2025-05-24 18:11:55,329 basehttp "GET /api/products/image-by-sku/?sku=BS-03 HTTP/1.1" 200 207
WARNING 2025-05-24 18:11:55,336 log Not Found: /static/images/no_image_found.jpg
WARNING 2025-05-24 18:11:55,336 basehttp "GET /static/images/no_image_found.jpg HTTP/1.1" 404 179
INFO 2025-05-24 18:11:55,479 basehttp "GET /api/products/image-by-sku/?sku=BS-03 HTTP/1.1" 200 207
WARNING 2025-05-24 18:11:55,491 log Not Found: /static/images/no_image_found.jpg
WARNING 2025-05-24 18:11:55,492 basehttp "GET /static/images/no_image_found.jpg HTTP/1.1" 404 179
INFO 2025-05-24 18:11:55,530 basehttp "GET /api/products/image-by-sku/?sku=BS-03 HTTP/1.1" 200 207
WARNING 2025-05-24 18:11:55,535 log Not Found: /static/images/no_image_found.jpg
WARNING 2025-05-24 18:11:55,536 basehttp "GET /static/images/no_image_found.jpg HTTP/1.1" 404 179
INFO 2025-05-24 18:11:55,580 basehttp "GET /api/products/image-by-sku/?sku=BS-03 HTTP/1.1" 200 207
WARNING 2025-05-24 18:11:55,586 log Not Found: /static/images/no_image_found.jpg
WARNING 2025-05-24 18:11:55,587 basehttp "GET /static/images/no_image_found.jpg HTTP/1.1" 404 179
INFO 2025-05-24 18:11:55,632 basehttp "GET /api/products/image-by-sku/?sku=BS-03 HTTP/1.1" 200 207
WARNING 2025-05-24 18:11:55,635 log Not Found: /static/images/no_image_found.jpg
WARNING 2025-05-24 18:11:55,636 basehttp "GET /static/images/no_image_found.jpg HTTP/1.1" 404 179
INFO 2025-05-24 18:11:55,682 basehttp "GET /api/products/image-by-sku/?sku=BS-03 HTTP/1.1" 200 207
WARNING 2025-05-24 18:11:55,686 log Not Found: /static/images/no_image_found.jpg
WARNING 2025-05-24 18:11:55,686 basehttp "GET /static/images/no_image_found.jpg HTTP/1.1" 404 179
INFO 2025-05-24 18:11:55,731 basehttp "GET /api/products/image-by-sku/?sku=BS-03 HTTP/1.1" 200 207
WARNING 2025-05-24 18:11:55,741 log Not Found: /static/images/no_image_found.jpg
WARNING 2025-05-24 18:11:55,742 basehttp "GET /static/images/no_image_found.jpg HTTP/1.1" 404 179
INFO 2025-05-24 18:11:55,781 basehttp "GET /api/products/image-by-sku/?sku=BS-03 HTTP/1.1" 200 207
WARNING 2025-05-24 18:11:55,792 log Not Found: /static/images/no_image_found.jpg
WARNING 2025-05-24 18:11:55,793 basehttp "GET /static/images/no_image_found.jpg HTTP/1.1" 404 179
INFO 2025-05-24 18:11:55,831 basehttp "GET /api/products/image-by-sku/?sku=BS-03 HTTP/1.1" 200 207
WARNING 2025-05-24 18:11:55,841 log Not Found: /static/images/no_image_found.jpg
WARNING 2025-05-24 18:11:55,841 basehttp "GET /static/images/no_image_found.jpg HTTP/1.1" 404 179
INFO 2025-05-24 18:11:55,883 basehttp "GET /api/products/image-by-sku/?sku=BS-03 HTTP/1.1" 200 207
WARNING 2025-05-24 18:11:55,892 log Not Found: /static/images/no_image_found.jpg
WARNING 2025-05-24 18:11:55,893 basehttp "GET /static/images/no_image_found.jpg HTTP/1.1" 404 179
INFO 2025-05-24 18:11:55,935 basehttp "GET /api/products/image-by-sku/?sku=BS-03 HTTP/1.1" 200 207
INFO 2025-05-24 18:11:55,989 basehttp "GET /api/products/image-by-sku/?sku=BS-03 HTTP/1.1" 200 207
INFO 2025-05-24 18:11:56,044 basehttp "GET /api/products/image-by-sku/?sku=BS-03 HTTP/1.1" 200 207
INFO 2025-05-24 18:11:56,092 basehttp "GET /api/products/image-by-sku/?sku=BS-03 HTTP/1.1" 200 207
INFO 2025-05-24 18:11:56,144 basehttp "GET /api/products/image-by-sku/?sku=BS-03 HTTP/1.1" 200 207
INFO 2025-05-24 18:11:56,195 basehttp "GET /api/products/image-by-sku/?sku=BS-03 HTTP/1.1" 200 207
INFO 2025-05-24 18:11:56,348 basehttp "GET /api/products/image-by-sku/?sku=BS-03 HTTP/1.1" 200 207
WARNING 2025-05-24 18:11:56,351 log Not Found: /static/images/no_image_found.jpg
WARNING 2025-05-24 18:11:56,352 basehttp "GET /static/images/no_image_found.jpg HTTP/1.1" 404 179
INFO 2025-05-24 18:11:56,399 basehttp "GET /api/products/image-by-sku/?sku=BS-03 HTTP/1.1" 200 207
WARNING 2025-05-24 18:11:56,403 log Not Found: /static/images/no_image_found.jpg
WARNING 2025-05-24 18:11:56,404 basehttp "GET /static/images/no_image_found.jpg HTTP/1.1" 404 179
INFO 2025-05-24 18:11:56,451 basehttp "GET /api/products/image-by-sku/?sku=BS-03 HTTP/1.1" 200 207
WARNING 2025-05-24 18:11:56,469 log Not Found: /static/images/no_image_found.jpg
WARNING 2025-05-24 18:11:56,470 basehttp "GET /static/images/no_image_found.jpg HTTP/1.1" 404 179
INFO 2025-05-24 18:11:56,502 basehttp "GET /api/products/image-by-sku/?sku=BS-03 HTTP/1.1" 200 207
WARNING 2025-05-24 18:11:56,506 log Not Found: /static/images/no_image_found.jpg
WARNING 2025-05-24 18:11:56,507 basehttp "GET /static/images/no_image_found.jpg HTTP/1.1" 404 179
INFO 2025-05-24 18:11:56,554 basehttp "GET /api/products/image-by-sku/?sku=BS-03 HTTP/1.1" 200 207
WARNING 2025-05-24 18:11:56,557 log Not Found: /static/images/no_image_found.jpg
WARNING 2025-05-24 18:11:56,558 basehttp "GET /static/images/no_image_found.jpg HTTP/1.1" 404 179
INFO 2025-05-24 18:11:56,605 basehttp "GET /api/products/image-by-sku/?sku=BS-03 HTTP/1.1" 200 207
WARNING 2025-05-24 18:11:56,619 log Not Found: /static/images/no_image_found.jpg
WARNING 2025-05-24 18:11:56,619 basehttp "GET /static/images/no_image_found.jpg HTTP/1.1" 404 179
INFO 2025-05-24 18:11:56,654 basehttp "GET /api/products/image-by-sku/?sku=BS-03 HTTP/1.1" 200 207
WARNING 2025-05-24 18:11:56,668 log Not Found: /static/images/no_image_found.jpg
WARNING 2025-05-24 18:11:56,669 basehttp "GET /static/images/no_image_found.jpg HTTP/1.1" 404 179
INFO 2025-05-24 18:11:56,800 basehttp "GET /api/products/image-by-sku/?sku=BS-03 HTTP/1.1" 200 207
WARNING 2025-05-24 18:11:56,804 log Not Found: /static/images/no_image_found.jpg
WARNING 2025-05-24 18:11:56,804 basehttp "GET /static/images/no_image_found.jpg HTTP/1.1" 404 179
INFO 2025-05-24 18:11:56,849 basehttp "GET /api/products/image-by-sku/?sku=BS-03 HTTP/1.1" 200 207
WARNING 2025-05-24 18:11:56,853 log Not Found: /static/images/no_image_found.jpg
WARNING 2025-05-24 18:11:56,854 basehttp "GET /static/images/no_image_found.jpg HTTP/1.1" 404 179
INFO 2025-05-24 18:11:57,000 basehttp "GET /api/products/image-by-sku/?sku=BS-03 HTTP/1.1" 200 207
WARNING 2025-05-24 18:11:57,004 log Not Found: /static/images/no_image_found.jpg
WARNING 2025-05-24 18:11:57,004 basehttp "GET /static/images/no_image_found.jpg HTTP/1.1" 404 179
INFO 2025-05-24 18:11:57,050 basehttp "GET /api/products/image-by-sku/?sku=BS-03 HTTP/1.1" 200 207
WARNING 2025-05-24 18:11:57,053 log Not Found: /static/images/no_image_found.jpg
WARNING 2025-05-24 18:11:57,054 basehttp "GET /static/images/no_image_found.jpg HTTP/1.1" 404 179
INFO 2025-05-24 18:11:57,098 basehttp "GET /api/products/image-by-sku/?sku=BS-03 HTTP/1.1" 200 207
WARNING 2025-05-24 18:11:57,103 log Not Found: /static/images/no_image_found.jpg
WARNING 2025-05-24 18:11:57,104 basehttp "GET /static/images/no_image_found.jpg HTTP/1.1" 404 179
INFO 2025-05-24 18:11:57,148 basehttp "GET /api/products/image-by-sku/?sku=BS-03 HTTP/1.1" 200 207
WARNING 2025-05-24 18:11:57,152 log Not Found: /static/images/no_image_found.jpg
WARNING 2025-05-24 18:11:57,153 basehttp "GET /static/images/no_image_found.jpg HTTP/1.1" 404 179
INFO 2025-05-24 18:12:07,112 autoreload Watching for file changes with StatReloader
INFO 2025-05-24 18:13:58,866 basehttp "GET /pack-stage/?picklist_id=111004 HTTP/1.1" 200 203287
WARNING 2025-05-24 18:13:58,883 log Not Found: /static/images/placeholder.png
WARNING 2025-05-24 18:13:58,884 basehttp "GET /static/images/placeholder.png HTTP/1.1" 404 179
INFO 2025-05-24 18:13:59,098 basehttp "GET /api/picklists/search/?picklist_id=111004 HTTP/1.1" 200 9818
INFO 2025-05-24 18:14:05,809 basehttp "GET /api/products/image-by-sku/?sku=BS-03 HTTP/1.1" 200 207
WARNING 2025-05-24 18:14:05,813 log Not Found: /static/images/no_image_found.jpg
WARNING 2025-05-24 18:14:05,813 basehttp "GET /static/images/no_image_found.jpg HTTP/1.1" 404 179
INFO 2025-05-24 18:14:07,894 basehttp "POST /api/print-label/ HTTP/1.1" 200 227
INFO 2025-05-24 18:14:08,045 basehttp "GET /api/orders/31641907WLK4286281/download/ HTTP/1.1" 200 74654
INFO 2025-05-24 18:14:09,345 basehttp "POST /api/print-invoice/ HTTP/1.1" 200 227
INFO 2025-05-24 18:14:09,448 basehttp "POST /api/orders/mark-printed/ HTTP/1.1" 200 147
INFO 2025-05-24 18:14:09,504 basehttp "GET /api/orders/31641907WLK4286281/download/ HTTP/1.1" 200 74654
INFO 2025-05-24 18:14:17,284 basehttp "GET /api/products/image-by-sku/?sku=BabyLeggings-White-0-6M HTTP/1.1" 200 225
WARNING 2025-05-24 18:14:17,288 log Not Found: /static/images/no_image_found.jpg
WARNING 2025-05-24 18:14:17,288 basehttp "GET /static/images/no_image_found.jpg HTTP/1.1" 404 179
INFO 2025-05-24 18:17:00,720 basehttp "GET /pack-stage/?picklist_id=111004 HTTP/1.1" 200 194929
WARNING 2025-05-24 18:17:00,740 log Not Found: /static/images/placeholder.png
WARNING 2025-05-24 18:17:00,741 basehttp "GET /static/images/placeholder.png HTTP/1.1" 404 179
INFO 2025-05-24 18:18:15,036 basehttp "GET /pack-stage/?picklist_id=111004 HTTP/1.1" 200 203761
WARNING 2025-05-24 18:18:15,052 log Not Found: /static/images/placeholder.png
WARNING 2025-05-24 18:18:15,052 basehttp "GET /static/images/placeholder.png HTTP/1.1" 404 179
INFO 2025-05-24 18:18:15,358 basehttp "GET /api/picklists/search/?picklist_id=111004 HTTP/1.1" 200 9822
INFO 2025-05-24 18:18:23,122 basehttp "GET /api/products/image-by-sku/?sku=BabyLeggings-White-0-6M HTTP/1.1" 200 225
WARNING 2025-05-24 18:18:23,126 log Not Found: /static/images/no_image_found.jpg
WARNING 2025-05-24 18:18:23,126 basehttp "GET /static/images/no_image_found.jpg HTTP/1.1" 404 179
INFO 2025-05-24 18:18:24,967 basehttp "POST /api/print-label/ HTTP/1.1" 200 225
INFO 2025-05-24 18:18:25,017 basehttp "GET /api/orders/2287871PRND290563/download/ HTTP/1.1" 200 73785
INFO 2025-05-24 18:18:26,394 basehttp "POST /api/orders/mark-printed/ HTTP/1.1" 200 146
INFO 2025-05-24 18:18:26,492 basehttp "POST /api/print-invoice/ HTTP/1.1" 200 225
INFO 2025-05-24 18:18:26,644 basehttp "GET /api/orders/2287871PRND290563/download/ HTTP/1.1" 200 73785
INFO 2025-05-24 18:22:03,549 basehttp "GET /pack-stage/?picklist_id=111004 HTTP/1.1" 200 202399
WARNING 2025-05-24 18:22:03,612 log Not Found: /static/images/placeholder.png
WARNING 2025-05-24 18:22:03,613 basehttp "GET /static/images/placeholder.png HTTP/1.1" 404 179
INFO 2025-05-24 18:22:03,847 basehttp "GET /api/picklists/search/?picklist_id=111004 HTTP/1.1" 200 9826
INFO 2025-05-24 18:22:09,465 basehttp "GET /api/products/image-by-sku/?sku=BabyLeggings-White-0-6M HTTP/1.1" 200 225
WARNING 2025-05-24 18:22:09,469 log Not Found: /static/images/no_image_found.jpg
WARNING 2025-05-24 18:22:09,469 basehttp "GET /static/images/no_image_found.jpg HTTP/1.1" 404 179
INFO 2025-05-24 18:22:11,352 basehttp "POST /api/print-label/ HTTP/1.1" 200 227
INFO 2025-05-24 18:22:11,401 basehttp "GET /api/orders/31707742CRRD71B538/download/ HTTP/1.1" 200 90576
INFO 2025-05-24 18:22:12,775 basehttp "POST /api/print-invoice/ HTTP/1.1" 200 227
INFO 2025-05-24 18:22:12,782 basehttp "POST /api/orders/mark-printed/ HTTP/1.1" 200 147
INFO 2025-05-24 18:22:12,933 basehttp "GET /api/orders/31707742CRRD71B538/download/ HTTP/1.1" 200 90576
INFO 2025-05-24 18:42:13,193 basehttp "GET /pack-stage/?picklist_id=111004 HTTP/1.1" 200 202398
WARNING 2025-05-24 18:42:13,218 log Not Found: /static/images/placeholder.png
WARNING 2025-05-24 18:42:13,219 basehttp "GET /static/images/placeholder.png HTTP/1.1" 404 179
INFO 2025-05-24 18:42:13,449 basehttp "GET /api/picklists/search/?picklist_id=111004 HTTP/1.1" 200 9830
INFO 2025-05-24 18:42:17,133 basehttp "GET /api/picklists/dispatch/ HTTP/1.1" 200 68
INFO 2025-05-24 18:42:17,312 basehttp "GET /api/picklists/dispatch/ HTTP/1.1" 200 68
INFO 2025-05-24 18:42:17,485 basehttp "GET /api/picklists/dispatch/ HTTP/1.1" 200 68
INFO 2025-05-24 18:42:18,364 basehttp "GET /api/picklists/ HTTP/1.1" 200 981
INFO 2025-05-24 18:42:18,410 basehttp "GET /api/picklists/ HTTP/1.1" 200 981
INFO 2025-05-24 18:42:18,457 basehttp "GET /api/picklists/ HTTP/1.1" 200 981
INFO 2025-05-24 18:42:19,550 basehttp "GET /pack-stage/?picklist_id=111004 HTTP/1.1" 200 202398
WARNING 2025-05-24 18:42:19,570 log Not Found: /static/images/placeholder.png
WARNING 2025-05-24 18:42:19,571 basehttp "GET /static/images/placeholder.png HTTP/1.1" 404 179
INFO 2025-05-24 18:42:19,866 basehttp "GET /api/picklists/search/?picklist_id=111004 HTTP/1.1" 200 9830
WARNING 2025-05-24 18:42:28,073 log Bad Request: /api/orders/save-awb/
WARNING 2025-05-24 18:42:28,074 basehttp "POST /api/orders/save-awb/ HTTP/1.1" 400 187
INFO 2025-05-24 18:42:30,695 basehttp "POST /api/orders/save-awb/ HTTP/1.1" 200 380
WARNING 2025-05-24 18:42:35,185 log Bad Request: /api/orders/save-awb/
WARNING 2025-05-24 18:42:35,186 basehttp "POST /api/orders/save-awb/ HTTP/1.1" 400 186
INFO 2025-05-24 18:42:45,093 basehttp "GET /pack-stage/?picklist_id=111004 HTTP/1.1" 200 202398
WARNING 2025-05-24 18:42:45,124 log Not Found: /static/images/placeholder.png
WARNING 2025-05-24 18:42:45,126 basehttp "GET /static/images/placeholder.png HTTP/1.1" 404 179
INFO 2025-05-24 18:42:45,473 basehttp "GET /api/picklists/search/?picklist_id=111004 HTTP/1.1" 200 9829
INFO 2025-05-24 18:42:57,832 basehttp "GET / HTTP/1.1" 200 125531
WARNING 2025-05-24 18:42:57,873 log Not Found: /api/pdfs/
WARNING 2025-05-24 18:42:57,874 basehttp "GET /api/pdfs/ HTTP/1.1" 404 179
INFO 2025-05-24 18:42:57,950 basehttp "GET /api/order-counts/get_counts/?status=Ready%20to%20Process HTTP/1.1" 200 177
INFO 2025-05-24 18:42:58,018 basehttp "GET /api/order-counts/get_counts/?status=Ready%20to%20Process HTTP/1.1" 200 177
INFO 2025-05-24 18:42:58,086 basehttp "GET /api/order-counts/get_counts/?status=Ready%20to%20Process HTTP/1.1" 200 177
INFO 2025-05-24 18:42:58,158 basehttp "GET /api/order-counts/get_counts/?status=Ready%20to%20Process HTTP/1.1" 200 177
INFO 2025-05-24 18:43:00,306 basehttp "GET /api/picklists/dispatch/ HTTP/1.1" 200 272
INFO 2025-05-24 18:43:00,354 basehttp "GET /api/picklists/dispatch/ HTTP/1.1" 200 272
INFO 2025-05-24 18:43:00,399 basehttp "GET /api/picklists/dispatch/ HTTP/1.1" 200 272
INFO 2025-05-24 18:43:02,161 basehttp "GET /api/picklists/111004/dispatch-orders/ HTTP/1.1" 200 6381
WARNING 2025-05-24 18:43:08,583 log Bad Request: /api/orders/save-awb/
WARNING 2025-05-24 18:43:08,584 basehttp "POST /api/orders/save-awb/ HTTP/1.1" 400 184
INFO 2025-05-24 18:43:10,882 basehttp "POST /api/orders/save-awb/ HTTP/1.1" 200 380
INFO 2025-05-24 18:43:17,466 basehttp "GET /api/search-dispatch-awb/?awb=11156655309 HTTP/1.1" 200 163
INFO 2025-05-24 18:43:19,732 basehttp "POST /api/orders/change-to-dispatch/ HTTP/1.1" 200 157
INFO 2025-05-24 18:43:21,830 basehttp "GET /api/picklists/dispatch/ HTTP/1.1" 200 272
INFO 2025-05-24 18:43:21,837 basehttp "GET /api/search-dispatch-awb/?awb=11156655309 HTTP/1.1" 200 163
WARNING 2025-05-24 18:43:34,637 log Bad Request: /api/orders/save-awb/
WARNING 2025-05-24 18:43:34,637 basehttp "POST /api/orders/save-awb/ HTTP/1.1" 400 185
INFO 2025-05-24 18:43:37,124 basehttp "POST /api/orders/save-awb/ HTTP/1.1" 200 380
INFO 2025-05-24 18:43:40,941 basehttp "GET /api/search-dispatch-awb/?awb=11155835056 HTTP/1.1" 200 163
WARNING 2025-05-24 18:43:42,638 log Forbidden (CSRF token missing.): /api/orders/complete-by-awb/
WARNING 2025-05-24 18:43:42,639 basehttp "POST /api/orders/complete-by-awb/ HTTP/1.1" 403 1019
INFO 2025-05-24 18:43:45,840 basehttp "POST /api/orders/bulk-change-to-dispatch/ HTTP/1.1" 200 164
INFO 2025-05-24 18:44:19,286 basehttp "GET /api/picklists/dispatch/ HTTP/1.1" 200 272
INFO 2025-05-24 18:44:19,291 basehttp "GET /api/search-dispatch-awb/?awb=11155835056 HTTP/1.1" 200 163
INFO 2025-05-24 18:44:55,295 basehttp "GET / HTTP/1.1" 200 125531
WARNING 2025-05-24 18:44:55,336 log Not Found: /api/pdfs/
WARNING 2025-05-24 18:44:55,338 basehttp "GET /api/pdfs/ HTTP/1.1" 404 179
INFO 2025-05-24 18:44:55,409 basehttp "GET /api/order-counts/get_counts/?status=Ready%20to%20Process HTTP/1.1" 200 177
INFO 2025-05-24 18:44:55,480 basehttp "GET /api/order-counts/get_counts/?status=Ready%20to%20Process HTTP/1.1" 200 177
INFO 2025-05-24 18:44:55,661 basehttp "GET /api/order-counts/get_counts/?status=Ready%20to%20Process HTTP/1.1" 200 177
INFO 2025-05-24 18:44:55,727 basehttp "GET /api/order-counts/get_counts/?status=Ready%20to%20Process HTTP/1.1" 200 177
INFO 2025-05-24 18:44:58,150 basehttp "GET /api/multi-orders/?platform=FIRSTCRY&status=Ready%20to%20Process HTTP/1.1" 200 21327
INFO 2025-05-24 18:44:58,414 basehttp "POST /api/order-counts/process_orders/ HTTP/1.1" 200 2755
INFO 2025-05-24 18:45:00,109 basehttp "GET /api/order-counts/get_counts/?status=Ready%20to%20Process HTTP/1.1" 200 173
INFO 2025-05-24 18:45:00,850 basehttp "GET /api/picklists/ HTTP/1.1" 200 1398
INFO 2025-05-24 18:45:00,996 basehttp "GET /api/picklists/ HTTP/1.1" 200 1398
INFO 2025-05-24 18:45:01,041 basehttp "GET /api/picklists/ HTTP/1.1" 200 1398
INFO 2025-05-24 18:45:02,211 basehttp "GET /picklist-details/111011/ HTTP/1.1" 200 34348
INFO 2025-05-24 18:45:02,371 basehttp "GET /api/picklists/111011/ HTTP/1.1" 200 5291
INFO 2025-05-24 18:45:04,200 basehttp "POST /api/picklists/111011/mark-items-picked/ HTTP/1.1" 200 76
INFO 2025-05-24 18:45:04,250 basehttp "POST /api/picklists/111011/update-status/ HTTP/1.1" 200 80
INFO 2025-05-24 18:45:04,306 basehttp "GET /api/picklists/111011/ HTTP/1.1" 200 5254
INFO 2025-05-24 18:45:05,084 basehttp "GET / HTTP/1.1" 200 125531
WARNING 2025-05-24 18:45:05,113 log Not Found: /api/pdfs/
WARNING 2025-05-24 18:45:05,115 basehttp "GET /api/pdfs/ HTTP/1.1" 404 179
INFO 2025-05-24 18:45:05,286 basehttp "GET /api/order-counts/get_counts/?status=Ready%20to%20Process HTTP/1.1" 200 173
INFO 2025-05-24 18:45:05,456 basehttp "GET /api/order-counts/get_counts/?status=Ready%20to%20Process HTTP/1.1" 200 173
INFO 2025-05-24 18:45:05,518 basehttp "GET /api/order-counts/get_counts/?status=Ready%20to%20Process HTTP/1.1" 200 173
INFO 2025-05-24 18:45:05,584 basehttp "GET /api/order-counts/get_counts/?status=Ready%20to%20Process HTTP/1.1" 200 173
INFO 2025-05-24 18:45:06,515 basehttp "GET /api/picklists/ HTTP/1.1" 200 1398
INFO 2025-05-24 18:45:06,678 basehttp "GET /api/picklists/ HTTP/1.1" 200 1398
INFO 2025-05-24 18:45:06,724 basehttp "GET /api/picklists/ HTTP/1.1" 200 1398
INFO 2025-05-24 18:45:08,028 basehttp "GET /pack-stage/?picklist_id=111011 HTTP/1.1" 200 202398
WARNING 2025-05-24 18:45:08,055 log Not Found: /static/images/placeholder.png
WARNING 2025-05-24 18:45:08,056 basehttp "GET /static/images/placeholder.png HTTP/1.1" 404 179
INFO 2025-05-24 18:45:08,320 basehttp "GET /api/picklists/search/?picklist_id=111011 HTTP/1.1" 200 7524
INFO 2025-05-24 18:45:13,421 basehttp "GET /api/products/image-by-sku/?sku=WarpCap_LightPink HTTP/1.1" 200 220
WARNING 2025-05-24 18:45:13,425 log Not Found: /static/images/no_image_found.jpg
WARNING 2025-05-24 18:45:13,425 basehttp "GET /static/images/no_image_found.jpg HTTP/1.1" 404 179
INFO 2025-05-24 18:45:15,581 basehttp "GET /api/products/image-by-sku/?sku=FlowerHat_Peach HTTP/1.1" 200 218
WARNING 2025-05-24 18:45:15,584 log Not Found: /static/images/no_image_found.jpg
WARNING 2025-05-24 18:45:15,585 basehttp "GET /static/images/no_image_found.jpg HTTP/1.1" 404 179
INFO 2025-05-24 18:45:17,411 basehttp "POST /api/print-label/ HTTP/1.1" 200 227
INFO 2025-05-24 18:45:17,458 basehttp "GET /api/orders/11467655RUPB46ED2F/download/ HTTP/1.1" 200 75705
INFO 2025-05-24 18:45:18,806 basehttp "POST /api/orders/mark-printed/ HTTP/1.1" 200 147
INFO 2025-05-24 18:45:18,894 basehttp "POST /api/print-invoice/ HTTP/1.1" 200 227
INFO 2025-05-24 18:45:18,940 basehttp "GET /api/orders/11467655RUPB46ED2F/download/ HTTP/1.1" 200 75705
WARNING 2025-05-24 18:45:26,132 log Bad Request: /api/orders/save-awb/
WARNING 2025-05-24 18:45:26,132 basehttp "POST /api/orders/save-awb/ HTTP/1.1" 400 200
INFO 2025-05-24 18:45:28,540 basehttp "POST /api/orders/save-awb/ HTTP/1.1" 200 380
INFO 2025-05-24 18:45:33,466 basehttp "GET /api/search-dispatch-awb/?awb=11156088105 HTTP/1.1" 200 336
INFO 2025-05-24 18:45:43,541 basehttp "POST /api/orders/change-to-dispatch/ HTTP/1.1" 200 157
INFO 2025-05-24 18:45:45,019 basehttp "GET /api/picklists/dispatch/ HTTP/1.1" 200 272
INFO 2025-05-24 18:45:45,026 basehttp "GET /api/search-dispatch-awb/?awb=11156088105 HTTP/1.1" 200 336
INFO 2025-05-24 18:45:59,975 basehttp "GET /api/picklists/111004/dispatch-orders/ HTTP/1.1" 200 6379
INFO 2025-05-24 18:46:07,346 basehttp "GET /api/products/image-by-sku/?sku=HairRingPouch-Spring50 HTTP/1.1" 200 216
WARNING 2025-05-24 18:46:07,349 log Not Found: /static/images/no_image_found.jpg
WARNING 2025-05-24 18:46:07,350 basehttp "GET /static/images/no_image_found.jpg HTTP/1.1" 404 179
INFO 2025-05-24 18:46:09,170 basehttp "GET /api/products/image-by-sku/?sku=HairRing100-5106 HTTP/1.1" 200 209
WARNING 2025-05-24 18:46:09,173 log Not Found: /static/images/no_image_found.jpg
WARNING 2025-05-24 18:46:09,174 basehttp "GET /static/images/no_image_found.jpg HTTP/1.1" 404 179
INFO 2025-05-24 18:46:12,776 basehttp "GET /api/products/image-by-sku/?sku=WP-40 HTTP/1.1" 200 199
WARNING 2025-05-24 18:46:12,779 log Not Found: /static/images/no_image_found.jpg
WARNING 2025-05-24 18:46:12,780 basehttp "GET /static/images/no_image_found.jpg HTTP/1.1" 404 179
INFO 2025-05-24 18:46:14,351 basehttp "GET /api/products/image-by-sku/?sku=WP-114 HTTP/1.1" 200 199
WARNING 2025-05-24 18:46:14,355 log Not Found: /static/images/no_image_found.jpg
WARNING 2025-05-24 18:46:14,355 basehttp "GET /static/images/no_image_found.jpg HTTP/1.1" 404 179
INFO 2025-05-24 18:46:15,993 basehttp "POST /api/print-label/ HTTP/1.1" 200 227
INFO 2025-05-24 18:46:16,040 basehttp "GET /api/orders/36079355ZNLEBC926E/download/ HTTP/1.1" 200 90965
INFO 2025-05-24 18:46:17,600 basehttp "POST /api/print-invoice/ HTTP/1.1" 200 227
INFO 2025-05-24 18:46:17,610 basehttp "POST /api/orders/mark-printed/ HTTP/1.1" 200 147
INFO 2025-05-24 18:46:17,648 basehttp "GET /api/orders/36079355ZNLEBC926E/download/ HTTP/1.1" 200 90965
WARNING 2025-05-24 18:46:22,012 log Bad Request: /api/orders/save-awb/
WARNING 2025-05-24 18:46:22,012 basehttp "POST /api/orders/save-awb/ HTTP/1.1" 400 185
INFO 2025-05-24 18:46:24,243 basehttp "POST /api/orders/save-awb/ HTTP/1.1" 200 380
INFO 2025-05-24 18:46:29,452 basehttp "GET /api/search-dispatch-awb/?awb=11155840089 HTTP/1.1" 200 315
INFO 2025-05-24 18:49:02,001 basehttp "GET / HTTP/1.1" 200 125760
WARNING 2025-05-24 18:49:02,024 log Not Found: /api/pdfs/
WARNING 2025-05-24 18:49:02,026 basehttp "GET /api/pdfs/ HTTP/1.1" 404 179
INFO 2025-05-24 18:49:02,117 basehttp "GET /api/order-counts/get_counts/?status=Ready%20to%20Process HTTP/1.1" 200 173
INFO 2025-05-24 18:49:03,222 basehttp "GET /api/picklists/dispatch/ HTTP/1.1" 200 477
INFO 2025-05-24 18:49:03,276 basehttp "GET /api/picklists/dispatch/ HTTP/1.1" 200 477
INFO 2025-05-24 18:49:06,477 basehttp "GET /api/search-dispatch-awb/?awb=11155840089 HTTP/1.1" 200 315
INFO 2025-05-24 18:49:10,915 basehttp "POST /api/orders/bulk-change-to-dispatch/ HTTP/1.1" 200 164
INFO 2025-05-24 18:49:18,555 basehttp "GET /api/picklists/dispatch/ HTTP/1.1" 200 477
INFO 2025-05-24 18:49:18,560 basehttp "GET /api/search-dispatch-awb/?awb=11155840089 HTTP/1.1" 200 315
INFO 2025-05-24 18:51:00,268 autoreload D:\New folder (3)\order-process\ordercycle\views\dispatch_views.py changed, reloading.
INFO 2025-05-24 18:51:01,158 autoreload Watching for file changes with StatReloader
INFO 2025-05-24 18:51:21,481 autoreload D:\New folder (3)\order-process\ordercycle\views\dispatch_views.py changed, reloading.
INFO 2025-05-24 18:51:22,140 autoreload Watching for file changes with StatReloader
INFO 2025-05-24 18:51:33,003 basehttp "GET /api/picklists/ HTTP/1.1" 200 1398
INFO 2025-05-24 18:51:33,048 basehttp "GET /api/picklists/ HTTP/1.1" 200 1398
INFO 2025-05-24 18:51:33,837 basehttp "GET /api/picklists/ HTTP/1.1" 200 1398
INFO 2025-05-24 18:51:33,884 basehttp "GET /api/picklists/ HTTP/1.1" 200 1398
INFO 2025-05-24 18:51:34,586 basehttp "GET /api/order-counts/get_counts/?status=Ready%20to%20Process HTTP/1.1" 200 173
INFO 2025-05-24 18:51:34,645 basehttp "GET /api/order-counts/get_counts/?status=Ready%20to%20Process HTTP/1.1" 200 173
INFO 2025-05-25 01:25:05,593 basehttp "GET / HTTP/1.1" 200 125760
WARNING 2025-05-25 01:25:05,638 log Not Found: /api/pdfs/
WARNING 2025-05-25 01:25:05,638 basehttp "GET /api/pdfs/ HTTP/1.1" 404 179
INFO 2025-05-25 01:25:05,709 basehttp "GET /api/order-counts/get_counts/?status=Ready%20to%20Process HTTP/1.1" 200 173
WARNING 2025-05-25 01:25:06,332 log Not Found: /favicon.ico
WARNING 2025-05-25 01:25:06,333 basehttp "GET /favicon.ico HTTP/1.1" 404 179
INFO 2025-05-25 01:27:08,387 basehttp "POST /api/pdf-uploads/process-files/ HTTP/1.1" 200 176
INFO 2025-05-25 01:27:08,458 basehttp "GET /api/order-counts/get_counts/?status=Ready%20to%20Process HTTP/1.1" 200 180
INFO 2025-05-25 01:27:14,104 basehttp "GET /api/single-orders/?platform=MEESHO&status=Ready%20to%20Process HTTP/1.1" 200 189077
INFO 2025-05-25 01:27:15,219 basehttp "POST /api/order-counts/process_orders/ HTTP/1.1" 200 20197
INFO 2025-05-25 01:27:17,573 basehttp "GET /api/order-counts/get_counts/?status=Ready%20to%20Process HTTP/1.1" 200 175
INFO 2025-05-25 01:27:18,461 basehttp "GET /api/picklists/ HTTP/1.1" 200 4572
INFO 2025-05-25 01:27:18,508 basehttp "GET /api/picklists/ HTTP/1.1" 200 4572
INFO 2025-05-25 01:27:19,872 basehttp "GET /picklist-details/111034/ HTTP/1.1" 200 34348
INFO 2025-05-25 01:27:20,530 basehttp "GET /api/picklists/111034/ HTTP/1.1" 200 5623
INFO 2025-05-25 01:27:22,683 basehttp "POST /api/picklists/111034/mark-items-picked/ HTTP/1.1" 200 76
INFO 2025-05-25 01:27:22,730 basehttp "POST /api/picklists/111034/update-status/ HTTP/1.1" 200 80
INFO 2025-05-25 01:27:22,785 basehttp "GET /api/picklists/111034/ HTTP/1.1" 200 5584
INFO 2025-05-25 01:27:23,725 basehttp "GET / HTTP/1.1" 200 125760
WARNING 2025-05-25 01:27:23,747 log Not Found: /api/pdfs/
WARNING 2025-05-25 01:27:23,749 basehttp "GET /api/pdfs/ HTTP/1.1" 404 179
INFO 2025-05-25 01:27:23,940 basehttp "GET /api/order-counts/get_counts/?status=Ready%20to%20Process HTTP/1.1" 200 175
INFO 2025-05-25 01:27:25,052 basehttp "GET /api/picklists/ HTTP/1.1" 200 4572
INFO 2025-05-25 01:27:25,098 basehttp "GET /api/picklists/ HTTP/1.1" 200 4572
INFO 2025-05-25 01:27:27,127 basehttp "GET /pack-stage/?picklist_id=111034 HTTP/1.1" 200 202398
WARNING 2025-05-25 01:27:27,139 log Not Found: /static/images/placeholder.png
WARNING 2025-05-25 01:27:27,140 basehttp "GET /static/images/placeholder.png HTTP/1.1" 404 179
INFO 2025-05-25 01:27:27,914 basehttp "GET /api/picklists/search/?picklist_id=111034 HTTP/1.1" 200 8103
INFO 2025-05-25 01:27:33,663 basehttp "GET /api/products/image-by-sku/?sku=WoolBallMaker HTTP/1.1" 200 228
WARNING 2025-05-25 01:27:33,668 log Not Found: /static/images/no_image_found.jpg
WARNING 2025-05-25 01:27:33,668 basehttp "GET /static/images/no_image_found.jpg HTTP/1.1" 404 179
INFO 2025-05-25 01:27:35,630 basehttp "POST /api/print-label/ HTTP/1.1" 200 222
INFO 2025-05-25 01:27:35,777 basehttp "GET /api/orders/VL0080505981293/download/ HTTP/1.1" 200 11117
WARNING 2025-05-25 01:27:37,504 log Forbidden (CSRF cookie not set.): /api/orders/mark-printed/
WARNING 2025-05-25 01:27:37,505 log Forbidden (CSRF cookie not set.): /api/print-invoice/
WARNING 2025-05-25 01:27:37,506 basehttp "POST /api/orders/mark-printed/ HTTP/1.1" 403 1382
WARNING 2025-05-25 01:27:37,506 basehttp "POST /api/print-invoice/ HTTP/1.1" 403 1382
INFO 2025-05-25 01:28:07,537 basehttp "POST /api/print-label/ HTTP/1.1" 200 222
INFO 2025-05-25 01:28:07,583 basehttp "GET /api/orders/VL0080505981216/download/ HTTP/1.1" 200 11170
WARNING 2025-05-25 01:28:09,161 log Forbidden (CSRF cookie not set.): /api/orders/mark-printed/
WARNING 2025-05-25 01:28:09,162 log Forbidden (CSRF cookie not set.): /api/print-invoice/
WARNING 2025-05-25 01:28:09,163 basehttp "POST /api/orders/mark-printed/ HTTP/1.1" 403 1382
WARNING 2025-05-25 01:28:09,163 basehttp "POST /api/print-invoice/ HTTP/1.1" 403 1382
INFO 2025-05-25 01:30:42,420 basehttp "GET /pack-stage/?picklist_id=111034 HTTP/1.1" 200 59731
WARNING 2025-05-25 01:30:42,438 log Not Found: /static/images/placeholder.png
WARNING 2025-05-25 01:30:42,438 basehttp "GET /static/images/placeholder.png HTTP/1.1" 404 179
INFO 2025-05-25 01:30:42,630 basehttp "GET /api/picklists/search/?picklist_id=111034 HTTP/1.1" 200 8103
INFO 2025-05-25 01:30:48,265 basehttp "GET /api/products/image-by-sku/?sku=WoolBallMaker HTTP/1.1" 200 228
WARNING 2025-05-25 01:30:48,268 log Not Found: /static/images/no_image_found.jpg
WARNING 2025-05-25 01:30:48,269 basehttp "GET /static/images/no_image_found.jpg HTTP/1.1" 404 179
INFO 2025-05-25 01:30:54,321 basehttp "GET /api/picklists/ HTTP/1.1" 200 4572
INFO 2025-05-25 01:30:54,470 basehttp "GET /api/picklists/ HTTP/1.1" 200 4572
INFO 2025-05-25 01:30:56,273 basehttp "GET /pack-stage/?picklist_id=111011 HTTP/1.1" 200 59731
WARNING 2025-05-25 01:30:56,288 log Not Found: /static/images/placeholder.png
WARNING 2025-05-25 01:30:56,288 basehttp "GET /static/images/placeholder.png HTTP/1.1" 404 179
INFO 2025-05-25 01:30:56,437 basehttp "GET /api/picklists/search/?picklist_id=111011 HTTP/1.1" 200 6769
INFO 2025-05-25 01:31:00,687 basehttp "GET /api/products/image-by-sku/?sku=Sunglasses-Simple-Pink HTTP/1.1" 200 215
INFO 2025-05-25 01:31:00,688 basehttp "GET /api/products/image-by-sku/?sku=Sunglasses-Simple-Yellow HTTP/1.1" 200 227
WARNING 2025-05-25 01:31:00,691 log Not Found: /static/images/no_image_found.jpg
WARNING 2025-05-25 01:31:00,691 basehttp "GET /static/images/no_image_found.jpg HTTP/1.1" 404 179
WARNING 2025-05-25 01:31:06,733 log Forbidden (CSRF cookie not set.): /api/orders/mark-printed/
WARNING 2025-05-25 01:31:06,734 basehttp "POST /api/orders/mark-printed/ HTTP/1.1" 403 1382
INFO 2025-05-25 01:32:21,455 basehttp "GET /pack-stage/?picklist_id=111011 HTTP/1.1" 200 60992
WARNING 2025-05-25 01:32:21,473 log Not Found: /static/images/placeholder.png
WARNING 2025-05-25 01:32:21,474 basehttp "GET /static/images/placeholder.png HTTP/1.1" 404 179
INFO 2025-05-25 01:32:21,629 basehttp "GET /api/picklists/search/?picklist_id=111011 HTTP/1.1" 200 6769
INFO 2025-05-25 01:32:25,808 basehttp "GET /api/products/image-by-sku/?sku=Sunglasses-Simple-Pink HTTP/1.1" 200 215
INFO 2025-05-25 01:32:25,808 basehttp "GET /api/products/image-by-sku/?sku=Sunglasses-Simple-Yellow HTTP/1.1" 200 227
WARNING 2025-05-25 01:32:25,812 log Not Found: /static/images/no_image_found.jpg
WARNING 2025-05-25 01:32:25,812 basehttp "GET /static/images/no_image_found.jpg HTTP/1.1" 404 179
INFO 2025-05-25 01:32:33,573 basehttp "GET /pack-stage/?picklist_id=111011 HTTP/1.1" 200 60992
WARNING 2025-05-25 01:32:33,588 log Not Found: /static/images/placeholder.png
WARNING 2025-05-25 01:32:33,589 basehttp "GET /static/images/placeholder.png HTTP/1.1" 404 179
INFO 2025-05-25 01:32:33,731 basehttp "GET /api/picklists/search/?picklist_id=111011 HTTP/1.1" 200 6769
INFO 2025-05-25 01:32:38,205 basehttp "GET /api/products/image-by-sku/?sku=Sunglasses-Simple-Pink HTTP/1.1" 200 215
INFO 2025-05-25 01:32:38,205 basehttp "GET /api/products/image-by-sku/?sku=Sunglasses-Simple-Yellow HTTP/1.1" 200 227
WARNING 2025-05-25 01:32:38,208 log Not Found: /static/images/no_image_found.jpg
WARNING 2025-05-25 01:32:38,208 basehttp "GET /static/images/no_image_found.jpg HTTP/1.1" 404 179
INFO 2025-05-25 01:33:14,055 basehttp "GET /pack-stage/?picklist_id=111011 HTTP/1.1" 200 61950
WARNING 2025-05-25 01:33:14,071 log Not Found: /static/images/placeholder.png
WARNING 2025-05-25 01:33:14,072 basehttp "GET /static/images/placeholder.png HTTP/1.1" 404 179
INFO 2025-05-25 01:33:14,224 basehttp "GET /api/picklists/search/?picklist_id=111011 HTTP/1.1" 200 6769
INFO 2025-05-25 01:33:18,369 basehttp "GET /api/products/image-by-sku/?sku=Sunglasses-Simple-Pink HTTP/1.1" 200 215
INFO 2025-05-25 01:33:18,370 basehttp "GET /api/products/image-by-sku/?sku=Sunglasses-Simple-Yellow HTTP/1.1" 200 227
WARNING 2025-05-25 01:33:18,373 log Not Found: /static/images/no_image_found.jpg
WARNING 2025-05-25 01:33:18,374 basehttp "GET /static/images/no_image_found.jpg HTTP/1.1" 404 179
INFO 2025-05-25 01:33:20,985 basehttp "POST /api/orders/mark-printed/ HTTP/1.1" 200 147
INFO 2025-05-25 01:33:34,913 basehttp "GET /api/products/image-by-sku/?sku=HeadBandSetof2-Beige HTTP/1.1" 200 242
INFO 2025-05-25 01:33:34,913 basehttp "GET /api/products/image-by-sku/?sku=HeadBand-Jacquard-MeatPowder HTTP/1.1" 200 231
WARNING 2025-05-25 01:33:34,916 log Not Found: /static/images/no_image_found.jpg
WARNING 2025-05-25 01:33:34,917 basehttp "GET /static/images/no_image_found.jpg HTTP/1.1" 404 179
INFO 2025-05-25 01:33:36,986 basehttp "GET /api/products/image-by-sku/?sku=HeadBandSetof2-Love HTTP/1.1" 200 213
INFO 2025-05-25 01:33:36,986 basehttp "GET /api/products/image-by-sku/?sku=HeadBandSetof2-Beige HTTP/1.1" 200 242
WARNING 2025-05-25 01:33:36,990 log Not Found: /static/images/no_image_found.jpg
WARNING 2025-05-25 01:33:36,990 basehttp "GET /static/images/no_image_found.jpg HTTP/1.1" 404 179
INFO 2025-05-25 01:33:52,129 basehttp "GET /api/products/image-by-sku/?sku=HeadBandSetof2-Beige HTTP/1.1" 200 242
INFO 2025-05-25 01:33:52,130 basehttp "GET /api/products/image-by-sku/?sku=HeadBand-Jacquard-MeatPowder HTTP/1.1" 200 231
WARNING 2025-05-25 01:33:52,132 log Not Found: /static/images/no_image_found.jpg
WARNING 2025-05-25 01:33:52,133 basehttp "GET /static/images/no_image_found.jpg HTTP/1.1" 404 179
INFO 2025-05-25 01:33:57,916 basehttp "POST /api/orders/mark-printed/ HTTP/1.1" 200 147
INFO 2025-05-25 01:37:30,412 basehttp "GET /api/products/image-by-sku/?sku=HeadBandSetof2-Beige HTTP/1.1" 200 242
INFO 2025-05-25 01:37:30,412 basehttp "GET /api/products/image-by-sku/?sku=HeadBandSetof2-Love HTTP/1.1" 200 213
WARNING 2025-05-25 01:37:30,416 log Not Found: /static/images/no_image_found.jpg
WARNING 2025-05-25 01:37:30,416 basehttp "GET /static/images/no_image_found.jpg HTTP/1.1" 404 179
INFO 2025-05-25 01:53:38,651 basehttp "GET /pack-stage/?picklist_id=111011 HTTP/1.1" 200 94848
WARNING 2025-05-25 01:53:38,669 log Not Found: /static/images/placeholder.png
WARNING 2025-05-25 01:53:38,670 basehttp "GET /static/images/placeholder.png HTTP/1.1" 404 179
INFO 2025-05-25 01:53:38,857 basehttp "GET /api/picklists/search/?picklist_id=111011 HTTP/1.1" 200 6785
INFO 2025-05-25 01:53:44,089 basehttp "GET /api/products/image-by-sku/?sku=HeadBandSetof2-Love HTTP/1.1" 200 213
WARNING 2025-05-25 01:53:44,092 log Not Found: /static/images/no_image_found.jpg
WARNING 2025-05-25 01:53:44,093 basehttp "GET /static/images/no_image_found.jpg HTTP/1.1" 404 179
INFO 2025-05-25 01:53:44,193 basehttp "GET /api/products/image-by-sku/?sku=HeadBandSetof2-Beige HTTP/1.1" 200 242
WARNING 2025-05-25 01:53:44,196 log Not Found: /static/images/no_image_found.jpg
WARNING 2025-05-25 01:53:44,196 basehttp "GET /static/images/no_image_found.jpg HTTP/1.1" 404 179
INFO 2025-05-25 01:53:46,733 basehttp "POST /api/print-label/ HTTP/1.1" 200 225
INFO 2025-05-25 01:53:46,779 basehttp "GET /api/orders/2287871FLUEE91C6E/download/ HTTP/1.1" 200 75619
INFO 2025-05-25 01:53:48,225 basehttp "POST /api/orders/mark-printed/ HTTP/1.1" 200 146
INFO 2025-05-25 02:02:13,051 basehttp "GET /pack-stage/?picklist_id=111011 HTTP/1.1" 200 111104
WARNING 2025-05-25 02:02:13,066 log Not Found: /static/images/placeholder.png
WARNING 2025-05-25 02:02:13,067 basehttp "GET /static/images/placeholder.png HTTP/1.1" 404 179
INFO 2025-05-25 02:02:13,260 basehttp "GET /api/picklists/search/?picklist_id=111011 HTTP/1.1" 200 6793
INFO 2025-05-25 02:02:17,468 basehttp "GET /api/products/image-by-sku/?sku=HeadBand-FancyFlower-White HTTP/1.1" 200 220
INFO 2025-05-25 02:02:17,468 basehttp "GET /api/products/image-by-sku/?sku=HeadBand-Jacquard-Red HTTP/1.1" 200 224
WARNING 2025-05-25 02:02:17,472 log Not Found: /static/images/no_image_found.jpg
WARNING 2025-05-25 02:02:17,472 basehttp "GET /static/images/no_image_found.jpg HTTP/1.1" 404 179
INFO 2025-05-25 02:02:19,890 basehttp "POST /api/print-label/ HTTP/1.1" 200 225
INFO 2025-05-25 02:02:20,045 basehttp "GET /api/orders/3241465LMI3E384B4/download/ HTTP/1.1" 200 75741
INFO 2025-05-25 02:02:21,536 basehttp "POST /api/print-invoice/ HTTP/1.1" 200 225
INFO 2025-05-25 02:02:21,582 basehttp "GET /api/orders/3241465LMI3E384B4/download/ HTTP/1.1" 200 75741
INFO 2025-05-25 02:02:23,280 basehttp "POST /api/orders/mark-printed/ HTTP/1.1" 200 146
INFO 2025-05-25 02:14:57,322 basehttp "GET /api/products/image-by-sku/?sku=HairRingPouch-Spring50 HTTP/1.1" 200 216
INFO 2025-05-25 02:14:57,322 basehttp "GET /api/products/image-by-sku/?sku=HairRing100-5106 HTTP/1.1" 200 209
WARNING 2025-05-25 02:14:57,325 log Not Found: /static/images/no_image_found.jpg
WARNING 2025-05-25 02:14:57,325 basehttp "GET /static/images/no_image_found.jpg HTTP/1.1" 404 179
INFO 2025-05-25 02:14:59,520 basehttp "POST /api/print-label/ HTTP/1.1" 200 227
INFO 2025-05-25 02:14:59,566 basehttp "GET /api/orders/34676120OCZD8DC8DF/download/ HTTP/1.1" 200 91270
INFO 2025-05-25 02:15:01,338 basehttp "POST /api/print-invoice/ HTTP/1.1" 200 227
INFO 2025-05-25 02:15:01,497 basehttp "GET /api/orders/34676120OCZD8DC8DF/download/ HTTP/1.1" 200 91270
INFO 2025-05-25 02:15:03,310 basehttp "POST /api/orders/mark-printed/ HTTP/1.1" 200 147
INFO 2025-05-25 02:17:55,558 basehttp "GET /api/products/image-by-sku/?sku=HB-29 HTTP/1.1" 200 212
INFO 2025-05-25 02:17:55,558 basehttp "GET /api/products/image-by-sku/?sku=HB-68 HTTP/1.1" 200 212
WARNING 2025-05-25 02:17:55,562 log Not Found: /static/images/no_image_found.jpg
WARNING 2025-05-25 02:17:55,563 basehttp "GET /static/images/no_image_found.jpg HTTP/1.1" 404 179
INFO 2025-05-25 02:17:57,677 basehttp "POST /api/print-label/ HTTP/1.1" 200 227
INFO 2025-05-25 02:17:57,723 basehttp "GET /api/orders/17537467XBF3576D8A/download/ HTTP/1.1" 200 75663
INFO 2025-05-25 02:17:59,045 basehttp "POST /api/print-invoice/ HTTP/1.1" 200 227
INFO 2025-05-25 02:17:59,200 basehttp "GET /api/orders/17537467XBF3576D8A/download/ HTTP/1.1" 200 75663
INFO 2025-05-25 02:18:00,638 basehttp "POST /api/orders/mark-printed/ HTTP/1.1" 200 147
INFO 2025-05-25 02:20:17,692 basehttp "GET /api/products/image-by-sku/?sku=HB-314 HTTP/1.1" 200 214
INFO 2025-05-25 02:20:17,693 basehttp "GET /api/products/image-by-sku/?sku=HB-310 HTTP/1.1" 200 214
WARNING 2025-05-25 02:20:17,696 log Not Found: /static/images/no_image_found.jpg
WARNING 2025-05-25 02:20:17,696 basehttp "GET /static/images/no_image_found.jpg HTTP/1.1" 404 179
INFO 2025-05-25 02:20:19,958 basehttp "POST /api/print-label/ HTTP/1.1" 200 227
INFO 2025-05-25 02:20:20,005 basehttp "GET /api/orders/10661716QLK8F3B17A/download/ HTTP/1.1" 200 74367
INFO 2025-05-25 02:20:21,360 basehttp "POST /api/print-invoice/ HTTP/1.1" 200 227
INFO 2025-05-25 02:20:21,514 basehttp "GET /api/orders/10661716QLK8F3B17A/download/ HTTP/1.1" 200 74367
INFO 2025-05-25 02:20:22,778 basehttp "POST /api/orders/mark-printed/ HTTP/1.1" 200 147
INFO 2025-05-25 02:20:58,672 basehttp "GET /api/products/image-by-sku/?sku=SquareTowel-Elephant-25CM HTTP/1.1" 200 252
WARNING 2025-05-25 02:20:58,675 log Not Found: /static/images/no_image_found.jpg
WARNING 2025-05-25 02:20:58,675 basehttp "GET /static/images/no_image_found.jpg HTTP/1.1" 404 179
INFO 2025-05-25 02:21:05,318 basehttp "POST /api/print-label/ HTTP/1.1" 200 227
INFO 2025-05-25 02:21:05,362 basehttp "GET /api/orders/36069039ADKB75ABEB/download/ HTTP/1.1" 200 90005
INFO 2025-05-25 02:21:06,923 basehttp "POST /api/print-invoice/ HTTP/1.1" 200 227
INFO 2025-05-25 02:21:06,971 basehttp "GET /api/orders/36069039ADKB75ABEB/download/ HTTP/1.1" 200 90005
INFO 2025-05-25 02:21:14,224 basehttp "POST /api/orders/mark-printed/ HTTP/1.1" 200 147
WARNING 2025-05-25 02:21:27,335 log Bad Request: /api/orders/save-awb/
WARNING 2025-05-25 02:21:27,335 basehttp "POST /api/orders/save-awb/ HTTP/1.1" 400 185
INFO 2025-05-25 02:21:37,152 basehttp "POST /api/orders/save-awb/ HTTP/1.1" 200 380
INFO 2025-05-25 02:21:46,703 basehttp "GET /api/order-counts/get_counts/?status=Ready%20to%20Process HTTP/1.1" 200 175
INFO 2025-05-25 02:21:47,770 basehttp "GET /api/picklists/dispatch/ HTTP/1.1" 200 477
INFO 2025-05-25 02:21:47,817 basehttp "GET /api/picklists/dispatch/ HTTP/1.1" 200 477
INFO 2025-05-25 02:21:55,039 basehttp "GET /api/search-dispatch-awb/?awb=11154968953 HTTP/1.1" 200 352
INFO 2025-05-25 02:22:00,805 basehttp "POST /api/orders/bulk-change-to-dispatch/ HTTP/1.1" 200 135
INFO 2025-05-25 02:22:02,175 basehttp "GET /api/picklists/dispatch/ HTTP/1.1" 200 477
INFO 2025-05-25 02:22:02,180 basehttp "GET /api/search-dispatch-awb/?awb=11154968953 HTTP/1.1" 200 352
INFO 2025-05-25 02:22:19,165 basehttp "GET /api/picklists/ HTTP/1.1" 200 4572
INFO 2025-05-25 02:22:19,210 basehttp "GET /api/picklists/ HTTP/1.1" 200 4572
INFO 2025-05-25 02:22:20,312 basehttp "GET /pack-stage/?picklist_id=111034 HTTP/1.1" 200 111104
WARNING 2025-05-25 02:22:20,343 log Not Found: /static/images/placeholder.png
WARNING 2025-05-25 02:22:20,350 basehttp "GET /static/images/placeholder.png HTTP/1.1" 404 179
INFO 2025-05-25 02:22:20,563 basehttp "GET /api/picklists/search/?picklist_id=111034 HTTP/1.1" 200 8103
INFO 2025-05-25 02:22:28,181 basehttp "GET /api/picklists/ HTTP/1.1" 200 4572
INFO 2025-05-25 02:22:28,225 basehttp "GET /api/picklists/ HTTP/1.1" 200 4572
INFO 2025-05-25 02:22:30,255 basehttp "GET /pack-stage/?picklist_id=111011 HTTP/1.1" 200 111104
WARNING 2025-05-25 02:22:30,271 log Not Found: /static/images/placeholder.png
WARNING 2025-05-25 02:22:30,271 basehttp "GET /static/images/placeholder.png HTTP/1.1" 404 179
INFO 2025-05-25 02:22:30,427 basehttp "GET /api/picklists/search/?picklist_id=111011 HTTP/1.1" 200 6412
INFO 2025-05-25 02:22:37,042 basehttp "POST /api/print-label/ HTTP/1.1" 200 225
INFO 2025-05-25 02:22:37,090 basehttp "GET /api/orders/3241465LMI3E384B4/download/ HTTP/1.1" 200 75741
INFO 2025-05-25 02:22:38,789 basehttp "POST /api/print-invoice/ HTTP/1.1" 200 225
INFO 2025-05-25 02:22:38,942 basehttp "GET /api/orders/3241465LMI3E384B4/download/ HTTP/1.1" 200 75741
INFO 2025-05-25 02:22:40,516 basehttp "POST /api/orders/mark-printed/ HTTP/1.1" 200 146
INFO 2025-05-25 02:22:51,972 basehttp "POST /api/print-label/ HTTP/1.1" 200 227
INFO 2025-05-25 02:22:52,018 basehttp "GET /api/orders/34676120OCZD8DC8DF/download/ HTTP/1.1" 200 91270
INFO 2025-05-25 02:22:53,866 basehttp "POST /api/print-invoice/ HTTP/1.1" 200 227
INFO 2025-05-25 02:22:53,912 basehttp "GET /api/orders/34676120OCZD8DC8DF/download/ HTTP/1.1" 200 91270
INFO 2025-05-25 02:22:55,176 basehttp "POST /api/orders/mark-printed/ HTTP/1.1" 200 147
INFO 2025-05-25 02:23:45,667 basehttp "GET /api/picklists/dispatch/ HTTP/1.1" 200 477
INFO 2025-05-25 02:23:45,713 basehttp "GET /api/picklists/dispatch/ HTTP/1.1" 200 477
INFO 2025-05-25 02:30:53,221 basehttp "GET / HTTP/1.1" 200 121775
WARNING 2025-05-25 02:30:53,245 log Not Found: /api/pdfs/
WARNING 2025-05-25 02:30:53,246 basehttp "GET /api/pdfs/ HTTP/1.1" 404 179
INFO 2025-05-25 02:30:53,414 basehttp "GET /api/order-counts/get_counts/?status=Ready%20to%20Process HTTP/1.1" 200 175
INFO 2025-05-25 02:30:53,505 basehttp "GET /api/order-counts/get_counts/?status=Ready%20to%20Process HTTP/1.1" 200 175
INFO 2025-05-25 02:30:53,577 basehttp "GET /api/order-counts/get_counts/?status=Ready%20to%20Process HTTP/1.1" 200 175
INFO 2025-05-25 02:30:53,737 basehttp "GET /api/order-counts/get_counts/?status=Ready%20to%20Process HTTP/1.1" 200 175
INFO 2025-05-25 02:30:54,988 basehttp "GET /api/picklists/dispatch/ HTTP/1.1" 200 477
INFO 2025-05-25 02:30:55,034 basehttp "GET /api/picklists/dispatch/ HTTP/1.1" 200 477
INFO 2025-05-25 02:30:55,081 basehttp "GET /api/picklists/dispatch/ HTTP/1.1" 200 477
INFO 2025-05-25 02:31:04,201 basehttp "GET /api/picklists/ HTTP/1.1" 200 4572
INFO 2025-05-25 02:31:04,344 basehttp "GET /api/picklists/ HTTP/1.1" 200 4572
INFO 2025-05-25 02:31:04,390 basehttp "GET /api/picklists/ HTTP/1.1" 200 4572
INFO 2025-05-25 02:31:06,461 basehttp "GET /pack-stage/?picklist_id=111011 HTTP/1.1" 200 111104
WARNING 2025-05-25 02:31:06,481 log Not Found: /static/images/placeholder.png
WARNING 2025-05-25 02:31:06,482 basehttp "GET /static/images/placeholder.png HTTP/1.1" 404 179
INFO 2025-05-25 02:31:06,641 basehttp "GET /api/picklists/search/?picklist_id=111011 HTTP/1.1" 200 6412
WARNING 2025-05-25 02:31:15,567 log Bad Request: /api/orders/save-awb/
WARNING 2025-05-25 02:31:15,567 basehttp "POST /api/orders/save-awb/ HTTP/1.1" 400 182
INFO 2025-05-25 02:31:21,571 basehttp "POST /api/orders/save-awb/ HTTP/1.1" 200 380
INFO 2025-05-25 02:32:31,199 basehttp "GET / HTTP/1.1" 200 123618
WARNING 2025-05-25 02:32:31,223 log Not Found: /api/pdfs/
WARNING 2025-05-25 02:32:31,224 basehttp "GET /api/pdfs/ HTTP/1.1" 404 179
INFO 2025-05-25 02:32:31,297 basehttp "GET /api/order-counts/get_counts/?status=Ready%20to%20Process HTTP/1.1" 200 175
INFO 2025-05-25 02:32:31,362 basehttp "GET /api/order-counts/get_counts/?status=Ready%20to%20Process HTTP/1.1" 200 175
INFO 2025-05-25 02:32:31,430 basehttp "GET /api/order-counts/get_counts/?status=Ready%20to%20Process HTTP/1.1" 200 175
INFO 2025-05-25 02:32:31,506 basehttp "GET /api/order-counts/get_counts/?status=Ready%20to%20Process HTTP/1.1" 200 175
INFO 2025-05-25 02:32:32,757 basehttp "GET /api/picklists/dispatch/ HTTP/1.1" 200 478
INFO 2025-05-25 02:32:32,804 basehttp "GET /api/picklists/dispatch/ HTTP/1.1" 200 478
INFO 2025-05-25 02:32:32,850 basehttp "GET /api/picklists/dispatch/ HTTP/1.1" 200 478
WARNING 2025-05-25 02:32:41,378 log Bad Request: /api/orders/save-awb/
WARNING 2025-05-25 02:32:41,378 basehttp "POST /api/orders/save-awb/ HTTP/1.1" 400 184
INFO 2025-05-25 02:32:47,068 basehttp "POST /api/orders/save-awb/ HTTP/1.1" 200 380
INFO 2025-05-25 02:37:33,243 basehttp "GET / HTTP/1.1" 200 123568
WARNING 2025-05-25 02:37:33,267 log Not Found: /api/pdfs/
WARNING 2025-05-25 02:37:33,268 basehttp "GET /api/pdfs/ HTTP/1.1" 404 179
INFO 2025-05-25 02:37:33,434 basehttp "GET /api/order-counts/get_counts/?status=Ready%20to%20Process HTTP/1.1" 200 175
INFO 2025-05-25 02:37:33,512 basehttp "GET /api/order-counts/get_counts/?status=Ready%20to%20Process HTTP/1.1" 200 175
INFO 2025-05-25 02:37:33,585 basehttp "GET /api/order-counts/get_counts/?status=Ready%20to%20Process HTTP/1.1" 200 175
INFO 2025-05-25 02:37:33,648 basehttp "GET /api/order-counts/get_counts/?status=Ready%20to%20Process HTTP/1.1" 200 175
INFO 2025-05-25 02:37:34,909 basehttp "GET /api/picklists/dispatch/ HTTP/1.1" 200 478
INFO 2025-05-25 02:37:34,955 basehttp "GET /api/picklists/dispatch/ HTTP/1.1" 200 478
INFO 2025-05-25 02:37:35,104 basehttp "GET /api/picklists/dispatch/ HTTP/1.1" 200 478
WARNING 2025-05-25 02:37:41,916 log Bad Request: /api/orders/save-awb/
WARNING 2025-05-25 02:37:41,916 basehttp "POST /api/orders/save-awb/ HTTP/1.1" 400 185
INFO 2025-05-25 02:37:49,928 basehttp "POST /api/orders/save-awb/ HTTP/1.1" 200 381
INFO 2025-05-25 02:37:55,906 basehttp "GET /api/search-dispatch-awb/?awb=11155854442 HTTP/1.1" 200 342
WARNING 2025-05-25 02:37:55,909 log Not Found: /api/orders/change-to-dispatch-by-awb/
WARNING 2025-05-25 02:37:55,910 basehttp "POST /api/orders/change-to-dispatch-by-awb/ HTTP/1.1" 404 179
INFO 2025-05-25 02:43:42,830 basehttp "GET / HTTP/1.1" 200 126718
WARNING 2025-05-25 02:43:42,854 log Not Found: /api/pdfs/
WARNING 2025-05-25 02:43:42,855 basehttp "GET /api/pdfs/ HTTP/1.1" 404 179
INFO 2025-05-25 02:43:43,029 basehttp "GET /api/order-counts/get_counts/?status=Ready%20to%20Process HTTP/1.1" 200 175
INFO 2025-05-25 02:43:43,102 basehttp "GET /api/order-counts/get_counts/?status=Ready%20to%20Process HTTP/1.1" 200 175
INFO 2025-05-25 02:43:43,174 basehttp "GET /api/order-counts/get_counts/?status=Ready%20to%20Process HTTP/1.1" 200 175
INFO 2025-05-25 02:43:43,242 basehttp "GET /api/order-counts/get_counts/?status=Ready%20to%20Process HTTP/1.1" 200 175
INFO 2025-05-25 02:43:44,401 basehttp "GET /api/picklists/dispatch/ HTTP/1.1" 200 478
INFO 2025-05-25 02:43:44,449 basehttp "GET /api/picklists/dispatch/ HTTP/1.1" 200 478
INFO 2025-05-25 02:43:44,496 basehttp "GET /api/picklists/dispatch/ HTTP/1.1" 200 478
INFO 2025-05-25 02:43:47,351 basehttp "GET /api/search-dispatch-awb/?awb=11155854442 HTTP/1.1" 200 342
INFO 2025-05-25 02:43:47,406 basehttp "GET /api/search-dispatch-awb/?awb=11155854442 HTTP/1.1" 200 342
INFO 2025-05-25 02:43:47,455 basehttp "POST /api/orders/bulk-change-to-dispatch/ HTTP/1.1" 200 244
INFO 2025-05-25 02:43:51,955 basehttp "GET /api/picklists/dispatch/ HTTP/1.1" 200 478
INFO 2025-05-25 02:43:57,360 basehttp "GET /api/picklists/111011/dispatch-orders/ HTTP/1.1" 200 4870
INFO 2025-05-25 02:44:39,540 basehttp "GET /api/picklists/111011/dispatch-orders/ HTTP/1.1" 200 4870
INFO 2025-05-25 02:46:02,933 basehttp "GET /api/picklists/111011/dispatch-orders/ HTTP/1.1" 200 4870
INFO 2025-05-25 02:46:11,367 basehttp "GET /api/picklists/111004/dispatch-orders/ HTTP/1.1" 200 6379
INFO 2025-05-25 02:46:44,034 basehttp "GET / HTTP/1.1" 200 127595
WARNING 2025-05-25 02:46:44,058 log Not Found: /api/pdfs/
WARNING 2025-05-25 02:46:44,059 basehttp "GET /api/pdfs/ HTTP/1.1" 404 179
INFO 2025-05-25 02:46:44,128 basehttp "GET /api/order-counts/get_counts/?status=Ready%20to%20Process HTTP/1.1" 200 175
INFO 2025-05-25 02:46:44,197 basehttp "GET /api/order-counts/get_counts/?status=Ready%20to%20Process HTTP/1.1" 200 175
INFO 2025-05-25 02:46:44,262 basehttp "GET /api/order-counts/get_counts/?status=Ready%20to%20Process HTTP/1.1" 200 175
INFO 2025-05-25 02:46:44,337 basehttp "GET /api/order-counts/get_counts/?status=Ready%20to%20Process HTTP/1.1" 200 175
INFO 2025-05-25 02:46:44,960 basehttp "GET /api/picklists/dispatch/ HTTP/1.1" 200 478
INFO 2025-05-25 02:46:45,009 basehttp "GET /api/picklists/dispatch/ HTTP/1.1" 200 478
INFO 2025-05-25 02:46:45,057 basehttp "GET /api/picklists/dispatch/ HTTP/1.1" 200 478
INFO 2025-05-25 02:46:46,725 basehttp "GET /api/picklists/111011/dispatch-orders/ HTTP/1.1" 200 4870
INFO 2025-05-25 02:47:36,355 basehttp "GET /api/picklists/111011/dispatch-orders/ HTTP/1.1" 200 4870
INFO 2025-05-25 02:49:11,064 basehttp "GET / HTTP/1.1" 200 128051
WARNING 2025-05-25 02:49:11,090 log Not Found: /api/pdfs/
WARNING 2025-05-25 02:49:11,090 basehttp "GET /api/pdfs/ HTTP/1.1" 404 179
INFO 2025-05-25 02:49:11,258 basehttp "GET /api/order-counts/get_counts/?status=Ready%20to%20Process HTTP/1.1" 200 175
INFO 2025-05-25 02:49:11,430 basehttp "GET /api/order-counts/get_counts/?status=Ready%20to%20Process HTTP/1.1" 200 175
INFO 2025-05-25 02:49:11,495 basehttp "GET /api/order-counts/get_counts/?status=Ready%20to%20Process HTTP/1.1" 200 175
INFO 2025-05-25 02:49:11,558 basehttp "GET /api/order-counts/get_counts/?status=Ready%20to%20Process HTTP/1.1" 200 175
INFO 2025-05-25 02:49:11,928 basehttp "GET /api/picklists/dispatch/ HTTP/1.1" 200 478
INFO 2025-05-25 02:49:11,975 basehttp "GET /api/picklists/dispatch/ HTTP/1.1" 200 478
INFO 2025-05-25 02:49:12,022 basehttp "GET /api/picklists/dispatch/ HTTP/1.1" 200 478
INFO 2025-05-25 02:49:13,990 basehttp "GET /api/picklists/111011/dispatch-orders/ HTTP/1.1" 200 4870
INFO 2025-05-25 02:49:21,844 basehttp "GET /api/picklists/111011/dispatch-orders/ HTTP/1.1" 200 4870
INFO 2025-05-25 02:50:25,430 basehttp "GET /api/search-dispatch-awb/?awb=11155462917 HTTP/1.1" 200 341
INFO 2025-05-25 02:50:25,484 basehttp "GET /api/search-dispatch-awb/?awb=11155462917 HTTP/1.1" 200 341
INFO 2025-05-25 02:50:25,537 basehttp "POST /api/orders/bulk-change-to-dispatch/ HTTP/1.1" 200 243
INFO 2025-05-25 02:50:26,911 basehttp "GET /api/picklists/dispatch/ HTTP/1.1" 200 478
INFO 2025-05-25 02:50:29,826 basehttp "GET / HTTP/1.1" 200 128051
WARNING 2025-05-25 02:50:29,849 log Not Found: /api/pdfs/
WARNING 2025-05-25 02:50:29,851 basehttp "GET /api/pdfs/ HTTP/1.1" 404 179
INFO 2025-05-25 02:50:29,916 basehttp "GET /api/order-counts/get_counts/?status=Ready%20to%20Process HTTP/1.1" 200 175
INFO 2025-05-25 02:50:30,097 basehttp "GET /api/order-counts/get_counts/?status=Ready%20to%20Process HTTP/1.1" 200 175
INFO 2025-05-25 02:50:30,171 basehttp "GET /api/order-counts/get_counts/?status=Ready%20to%20Process HTTP/1.1" 200 175
INFO 2025-05-25 02:50:30,240 basehttp "GET /api/order-counts/get_counts/?status=Ready%20to%20Process HTTP/1.1" 200 175
INFO 2025-05-25 02:50:30,786 basehttp "GET /api/picklists/dispatch/ HTTP/1.1" 200 478
INFO 2025-05-25 02:50:30,934 basehttp "GET /api/picklists/dispatch/ HTTP/1.1" 200 478
INFO 2025-05-25 02:50:31,088 basehttp "GET /api/picklists/dispatch/ HTTP/1.1" 200 478
INFO 2025-05-25 02:50:40,790 basehttp "GET /api/picklists/111011/dispatch-orders/ HTTP/1.1" 200 4869
INFO 2025-05-25 02:52:49,734 basehttp "GET / HTTP/1.1" 200 128036
WARNING 2025-05-25 02:52:49,761 log Not Found: /api/pdfs/
WARNING 2025-05-25 02:52:49,762 basehttp "GET /api/pdfs/ HTTP/1.1" 404 179
INFO 2025-05-25 02:52:49,830 basehttp "GET /api/order-counts/get_counts/?status=Ready%20to%20Process HTTP/1.1" 200 175
INFO 2025-05-25 02:52:49,899 basehttp "GET /api/order-counts/get_counts/?status=Ready%20to%20Process HTTP/1.1" 200 175
INFO 2025-05-25 02:52:49,963 basehttp "GET /api/order-counts/get_counts/?status=Ready%20to%20Process HTTP/1.1" 200 175
INFO 2025-05-25 02:52:50,041 basehttp "GET /api/order-counts/get_counts/?status=Ready%20to%20Process HTTP/1.1" 200 175
INFO 2025-05-25 02:52:50,910 basehttp "GET /api/picklists/dispatch/ HTTP/1.1" 200 478
INFO 2025-05-25 02:52:50,956 basehttp "GET /api/picklists/dispatch/ HTTP/1.1" 200 478
INFO 2025-05-25 02:52:51,005 basehttp "GET /api/picklists/dispatch/ HTTP/1.1" 200 478
INFO 2025-05-25 02:54:11,713 basehttp "GET / HTTP/1.1" 200 127623
WARNING 2025-05-25 02:54:11,738 log Not Found: /api/pdfs/
WARNING 2025-05-25 02:54:11,740 basehttp "GET /api/pdfs/ HTTP/1.1" 404 179
INFO 2025-05-25 02:54:11,812 basehttp "GET /api/order-counts/get_counts/?status=Ready%20to%20Process HTTP/1.1" 200 175
INFO 2025-05-25 02:54:11,884 basehttp "GET /api/order-counts/get_counts/?status=Ready%20to%20Process HTTP/1.1" 200 175
INFO 2025-05-25 02:54:12,063 basehttp "GET /api/order-counts/get_counts/?status=Ready%20to%20Process HTTP/1.1" 200 175
INFO 2025-05-25 02:54:12,128 basehttp "GET /api/order-counts/get_counts/?status=Ready%20to%20Process HTTP/1.1" 200 175
INFO 2025-05-25 02:54:12,976 basehttp "GET /api/picklists/dispatch/ HTTP/1.1" 200 478
INFO 2025-05-25 02:54:13,025 basehttp "GET /api/picklists/dispatch/ HTTP/1.1" 200 478
INFO 2025-05-25 02:54:13,074 basehttp "GET /api/picklists/dispatch/ HTTP/1.1" 200 478
INFO 2025-05-25 02:54:20,059 basehttp "GET / HTTP/1.1" 200 127559
WARNING 2025-05-25 02:54:20,088 log Not Found: /api/pdfs/
WARNING 2025-05-25 02:54:20,089 basehttp "GET /api/pdfs/ HTTP/1.1" 404 179
INFO 2025-05-25 02:54:20,157 basehttp "GET /api/order-counts/get_counts/?status=Ready%20to%20Process HTTP/1.1" 200 175
INFO 2025-05-25 02:54:20,228 basehttp "GET /api/order-counts/get_counts/?status=Ready%20to%20Process HTTP/1.1" 200 175
INFO 2025-05-25 02:54:20,410 basehttp "GET /api/order-counts/get_counts/?status=Ready%20to%20Process HTTP/1.1" 200 175
INFO 2025-05-25 02:54:20,478 basehttp "GET /api/order-counts/get_counts/?status=Ready%20to%20Process HTTP/1.1" 200 175
INFO 2025-05-25 02:54:21,559 basehttp "GET /api/picklists/dispatch/ HTTP/1.1" 200 478
INFO 2025-05-25 02:54:21,607 basehttp "GET /api/picklists/dispatch/ HTTP/1.1" 200 478
INFO 2025-05-25 02:54:21,659 basehttp "GET /api/picklists/dispatch/ HTTP/1.1" 200 478
INFO 2025-05-25 02:54:48,569 basehttp "GET / HTTP/1.1" 200 127462
WARNING 2025-05-25 02:54:48,596 log Not Found: /api/pdfs/
WARNING 2025-05-25 02:54:48,597 basehttp "GET /api/pdfs/ HTTP/1.1" 404 179
INFO 2025-05-25 02:54:48,669 basehttp "GET /api/order-counts/get_counts/?status=Ready%20to%20Process HTTP/1.1" 200 175
INFO 2025-05-25 02:54:48,743 basehttp "GET /api/order-counts/get_counts/?status=Ready%20to%20Process HTTP/1.1" 200 175
INFO 2025-05-25 02:54:48,811 basehttp "GET /api/order-counts/get_counts/?status=Ready%20to%20Process HTTP/1.1" 200 175
INFO 2025-05-25 02:54:48,896 basehttp "GET /api/order-counts/get_counts/?status=Ready%20to%20Process HTTP/1.1" 200 175
INFO 2025-05-25 02:54:49,822 basehttp "GET /api/picklists/dispatch/ HTTP/1.1" 200 478
INFO 2025-05-25 02:54:49,869 basehttp "GET /api/picklists/dispatch/ HTTP/1.1" 200 478
INFO 2025-05-25 02:54:49,918 basehttp "GET /api/picklists/dispatch/ HTTP/1.1" 200 478
INFO 2025-05-25 02:56:45,916 basehttp "GET /api/picklists/ HTTP/1.1" 200 4572
INFO 2025-05-25 02:56:45,962 basehttp "GET /api/picklists/ HTTP/1.1" 200 4572
INFO 2025-05-25 02:56:46,008 basehttp "GET /api/picklists/ HTTP/1.1" 200 4572
INFO 2025-05-25 02:56:47,689 basehttp "GET /pack-stage/?picklist_id=111034 HTTP/1.1" 200 111104
WARNING 2025-05-25 02:56:47,715 log Not Found: /static/images/placeholder.png
WARNING 2025-05-25 02:56:47,715 basehttp "GET /static/images/placeholder.png HTTP/1.1" 404 179
INFO 2025-05-25 02:56:47,889 basehttp "GET /api/picklists/search/?picklist_id=111034 HTTP/1.1" 200 8103
INFO 2025-05-25 02:57:01,829 basehttp "GET /api/products/image-by-sku/?sku=WoolBallMaker HTTP/1.1" 200 228
WARNING 2025-05-25 02:57:01,832 log Not Found: /static/images/no_image_found.jpg
WARNING 2025-05-25 02:57:01,833 basehttp "GET /static/images/no_image_found.jpg HTTP/1.1" 404 179
INFO 2025-05-25 02:57:03,775 basehttp "POST /api/print-label/ HTTP/1.1" 200 222
INFO 2025-05-25 02:57:03,821 basehttp "GET /api/orders/VL0080505981293/download/ HTTP/1.1" 200 11117
INFO 2025-05-25 02:57:05,597 basehttp "POST /api/print-invoice/ HTTP/1.1" 200 222
INFO 2025-05-25 02:57:05,645 basehttp "GET /api/orders/VL0080505981293/download/ HTTP/1.1" 200 11117
INFO 2025-05-25 02:57:11,695 basehttp "POST /api/orders/mark-printed/ HTTP/1.1" 200 144
INFO 2025-05-25 03:02:02,779 basehttp "GET /pack-stage/?picklist_id=111034 HTTP/1.1" 200 110863
WARNING 2025-05-25 03:02:02,799 log Not Found: /static/images/placeholder.png
WARNING 2025-05-25 03:02:02,799 basehttp "GET /static/images/placeholder.png HTTP/1.1" 404 179
INFO 2025-05-25 03:02:03,002 basehttp "GET /api/picklists/search/?picklist_id=111034 HTTP/1.1" 200 8107
INFO 2025-05-25 03:02:07,350 basehttp "GET /api/products/image-by-sku/?sku=WaistBelt-SingleRound-%20Black HTTP/1.1" 200 258
WARNING 2025-05-25 03:02:07,353 log Not Found: /static/images/no_image_found.jpg
WARNING 2025-05-25 03:02:07,354 basehttp "GET /static/images/no_image_found.jpg HTTP/1.1" 404 179
INFO 2025-05-25 03:02:10,612 basehttp "POST /api/print-label/ HTTP/1.1" 200 222
INFO 2025-05-25 03:02:10,659 basehttp "GET /api/orders/VL0080505981216/download/ HTTP/1.1" 200 11170
INFO 2025-05-25 03:02:12,453 basehttp "POST /api/print-invoice/ HTTP/1.1" 200 222
INFO 2025-05-25 03:02:12,499 basehttp "GET /api/orders/VL0080505981216/download/ HTTP/1.1" 200 11170
INFO 2025-05-25 03:02:20,266 basehttp "POST /api/orders/mark-printed/ HTTP/1.1" 200 144
INFO 2025-05-25 03:04:29,189 basehttp "GET /pack-stage/?picklist_id=111034 HTTP/1.1" 200 110867
WARNING 2025-05-25 03:04:29,209 log Not Found: /static/images/placeholder.png
WARNING 2025-05-25 03:04:29,210 basehttp "GET /static/images/placeholder.png HTTP/1.1" 404 179
INFO 2025-05-25 03:04:29,412 basehttp "GET /api/picklists/search/?picklist_id=111034 HTTP/1.1" 200 8111
INFO 2025-05-25 03:04:33,762 basehttp "GET /api/products/image-by-sku/?sku=WaistBelt-PinBuckle-%20Camel HTTP/1.1" 200 254
WARNING 2025-05-25 03:04:33,765 log Not Found: /static/images/no_image_found.jpg
WARNING 2025-05-25 03:04:33,765 basehttp "GET /static/images/no_image_found.jpg HTTP/1.1" 404 179
INFO 2025-05-25 03:04:36,281 basehttp "POST /api/print-label/ HTTP/1.1" 200 213
INFO 2025-05-25 03:04:36,337 basehttp "GET /api/orders/M00888367920/download/ HTTP/1.1" 200 11095
INFO 2025-05-25 03:04:37,737 basehttp "POST /api/print-invoice/ HTTP/1.1" 200 213
INFO 2025-05-25 03:04:37,883 basehttp "GET /api/orders/M00888367920/download/ HTTP/1.1" 200 11095
INFO 2025-05-25 03:05:08,188 basehttp "POST /api/orders/mark-printed/ HTTP/1.1" 200 141
INFO 2025-05-25 03:06:38,104 autoreload D:\New folder (3)\order-process\orderCycleProject\settings.py changed, reloading.
INFO 2025-05-25 03:06:38,972 autoreload Watching for file changes with StatReloader
INFO 2025-05-25 03:08:22,918 basehttp "GET /api/images/ HTTP/1.1" 200 2
INFO 2025-05-25 03:08:36,922 basehttp "GET /image-upload HTTP/1.1" 301 0
INFO 2025-05-25 03:08:36,954 basehttp "GET /image-upload/ HTTP/1.1" 200 13550
INFO 2025-05-25 03:11:40,647 autoreload D:\New folder (3)\order-process\ordercycle\views\base.py changed, reloading.
INFO 2025-05-25 03:11:41,342 autoreload Watching for file changes with StatReloader
INFO 2025-05-25 03:12:10,233 autoreload D:\New folder (3)\order-process\ordercycle\urls.py changed, reloading.
INFO 2025-05-25 03:12:10,909 autoreload Watching for file changes with StatReloader
INFO 2025-05-25 03:12:20,229 autoreload D:\New folder (3)\order-process\ordercycle\urls.py changed, reloading.
INFO 2025-05-25 03:12:20,863 autoreload Watching for file changes with StatReloader
INFO 2025-05-25 03:12:25,928 autoreload D:\New folder (3)\order-process\ordercycle\urls.py changed, reloading.
INFO 2025-05-25 03:12:26,608 autoreload Watching for file changes with StatReloader
INFO 2025-05-25 03:12:35,764 basehttp "GET /admin HTTP/1.1" 301 0
INFO 2025-05-25 03:12:36,041 basehttp "GET /admin/ HTTP/1.1" 302 0
ERROR 2025-05-25 03:12:36,246 log Internal Server Error: /admin/login/
Traceback (most recent call last):
  File "C:\Users\teja0\AppData\Local\Programs\Python\Python312\Lib\site-packages\django\core\handlers\exception.py", line 55, in inner
    response = get_response(request)
               ^^^^^^^^^^^^^^^^^^^^^
  File "C:\Users\teja0\AppData\Local\Programs\Python\Python312\Lib\site-packages\django\core\handlers\base.py", line 220, in _get_response
    response = response.render()
               ^^^^^^^^^^^^^^^^^
  File "C:\Users\teja0\AppData\Local\Programs\Python\Python312\Lib\site-packages\django\template\response.py", line 114, in render
    self.content = self.rendered_content
                   ^^^^^^^^^^^^^^^^^^^^^
  File "C:\Users\teja0\AppData\Local\Programs\Python\Python312\Lib\site-packages\django\template\response.py", line 92, in rendered_content
    return template.render(context, self._request)
           ^^^^^^^^^^^^^^^^^^^^^^^^^^^^^^^^^^^^^^^
  File "C:\Users\teja0\AppData\Local\Programs\Python\Python312\Lib\site-packages\django\template\backends\django.py", line 61, in render
    return self.template.render(context)
           ^^^^^^^^^^^^^^^^^^^^^^^^^^^^^
  File "C:\Users\teja0\AppData\Local\Programs\Python\Python312\Lib\site-packages\django\template\base.py", line 175, in render
    return self._render(context)
           ^^^^^^^^^^^^^^^^^^^^^
  File "C:\Users\teja0\AppData\Local\Programs\Python\Python312\Lib\site-packages\django\template\base.py", line 167, in _render
    return self.nodelist.render(context)
           ^^^^^^^^^^^^^^^^^^^^^^^^^^^^^
  File "C:\Users\teja0\AppData\Local\Programs\Python\Python312\Lib\site-packages\django\template\base.py", line 1005, in render
    return SafeString("".join([node.render_annotated(context) for node in self]))
                               ^^^^^^^^^^^^^^^^^^^^^^^^^^^^^^
  File "C:\Users\teja0\AppData\Local\Programs\Python\Python312\Lib\site-packages\django\template\base.py", line 966, in render_annotated
    return self.render(context)
           ^^^^^^^^^^^^^^^^^^^^
  File "C:\Users\teja0\AppData\Local\Programs\Python\Python312\Lib\site-packages\django\template\loader_tags.py", line 157, in render
    return compiled_parent._render(context)
           ^^^^^^^^^^^^^^^^^^^^^^^^^^^^^^^^
  File "C:\Users\teja0\AppData\Local\Programs\Python\Python312\Lib\site-packages\django\template\base.py", line 167, in _render
    return self.nodelist.render(context)
           ^^^^^^^^^^^^^^^^^^^^^^^^^^^^^
  File "C:\Users\teja0\AppData\Local\Programs\Python\Python312\Lib\site-packages\django\template\base.py", line 1005, in render
    return SafeString("".join([node.render_annotated(context) for node in self]))
                               ^^^^^^^^^^^^^^^^^^^^^^^^^^^^^^
  File "C:\Users\teja0\AppData\Local\Programs\Python\Python312\Lib\site-packages\django\template\base.py", line 966, in render_annotated
    return self.render(context)
           ^^^^^^^^^^^^^^^^^^^^
  File "C:\Users\teja0\AppData\Local\Programs\Python\Python312\Lib\site-packages\django\template\loader_tags.py", line 157, in render
    return compiled_parent._render(context)
           ^^^^^^^^^^^^^^^^^^^^^^^^^^^^^^^^
  File "C:\Users\teja0\AppData\Local\Programs\Python\Python312\Lib\site-packages\django\template\base.py", line 167, in _render
    return self.nodelist.render(context)
           ^^^^^^^^^^^^^^^^^^^^^^^^^^^^^
  File "C:\Users\teja0\AppData\Local\Programs\Python\Python312\Lib\site-packages\django\template\base.py", line 1005, in render
    return SafeString("".join([node.render_annotated(context) for node in self]))
                               ^^^^^^^^^^^^^^^^^^^^^^^^^^^^^^
  File "C:\Users\teja0\AppData\Local\Programs\Python\Python312\Lib\site-packages\django\template\base.py", line 966, in render_annotated
    return self.render(context)
           ^^^^^^^^^^^^^^^^^^^^
  File "C:\Users\teja0\AppData\Local\Programs\Python\Python312\Lib\site-packages\django\template\loader_tags.py", line 63, in render
    result = block.nodelist.render(context)
             ^^^^^^^^^^^^^^^^^^^^^^^^^^^^^^
  File "C:\Users\teja0\AppData\Local\Programs\Python\Python312\Lib\site-packages\django\template\base.py", line 1005, in render
    return SafeString("".join([node.render_annotated(context) for node in self]))
                               ^^^^^^^^^^^^^^^^^^^^^^^^^^^^^^
  File "C:\Users\teja0\AppData\Local\Programs\Python\Python312\Lib\site-packages\django\template\base.py", line 966, in render_annotated
    return self.render(context)
           ^^^^^^^^^^^^^^^^^^^^
  File "C:\Users\teja0\AppData\Local\Programs\Python\Python312\Lib\site-packages\django\templatetags\static.py", line 116, in render
    url = self.url(context)
          ^^^^^^^^^^^^^^^^^
  File "C:\Users\teja0\AppData\Local\Programs\Python\Python312\Lib\site-packages\django\templatetags\static.py", line 113, in url
    return self.handle_simple(path)
           ^^^^^^^^^^^^^^^^^^^^^^^^
  File "C:\Users\teja0\AppData\Local\Programs\Python\Python312\Lib\site-packages\django\templatetags\static.py", line 129, in handle_simple
    return staticfiles_storage.url(path)
           ^^^^^^^^^^^^^^^^^^^^^^^^^^^^^
  File "C:\Users\teja0\AppData\Local\Programs\Python\Python312\Lib\site-packages\django\contrib\staticfiles\storage.py", line 203, in url
    return self._url(self.stored_name, name, force)
           ^^^^^^^^^^^^^^^^^^^^^^^^^^^^^^^^^^^^^^^^
  File "C:\Users\teja0\AppData\Local\Programs\Python\Python312\Lib\site-packages\django\contrib\staticfiles\storage.py", line 182, in _url
    hashed_name = hashed_name_func(*args)
                  ^^^^^^^^^^^^^^^^^^^^^^^
  File "C:\Users\teja0\AppData\Local\Programs\Python\Python312\Lib\site-packages\django\contrib\staticfiles\storage.py", line 513, in stored_name
    raise ValueError(
ValueError: Missing staticfiles manifest entry for 'admin/css/base.css'
ERROR 2025-05-25 03:12:36,251 basehttp "GET /admin/login/?next=/admin/ HTTP/1.1" 500 145
INFO 2025-05-25 03:15:10,048 basehttp "GET /admin/ HTTP/1.1" 302 0
ERROR 2025-05-25 03:15:10,055 log Internal Server Error: /admin/login/
Traceback (most recent call last):
  File "C:\Users\teja0\AppData\Local\Programs\Python\Python312\Lib\site-packages\django\core\handlers\exception.py", line 55, in inner
    response = get_response(request)
               ^^^^^^^^^^^^^^^^^^^^^
  File "C:\Users\teja0\AppData\Local\Programs\Python\Python312\Lib\site-packages\django\core\handlers\base.py", line 220, in _get_response
    response = response.render()
               ^^^^^^^^^^^^^^^^^
  File "C:\Users\teja0\AppData\Local\Programs\Python\Python312\Lib\site-packages\django\template\response.py", line 114, in render
    self.content = self.rendered_content
                   ^^^^^^^^^^^^^^^^^^^^^
  File "C:\Users\teja0\AppData\Local\Programs\Python\Python312\Lib\site-packages\django\template\response.py", line 92, in rendered_content
    return template.render(context, self._request)
           ^^^^^^^^^^^^^^^^^^^^^^^^^^^^^^^^^^^^^^^
  File "C:\Users\teja0\AppData\Local\Programs\Python\Python312\Lib\site-packages\django\template\backends\django.py", line 61, in render
    return self.template.render(context)
           ^^^^^^^^^^^^^^^^^^^^^^^^^^^^^
  File "C:\Users\teja0\AppData\Local\Programs\Python\Python312\Lib\site-packages\django\template\base.py", line 175, in render
    return self._render(context)
           ^^^^^^^^^^^^^^^^^^^^^
  File "C:\Users\teja0\AppData\Local\Programs\Python\Python312\Lib\site-packages\django\template\base.py", line 167, in _render
    return self.nodelist.render(context)
           ^^^^^^^^^^^^^^^^^^^^^^^^^^^^^
  File "C:\Users\teja0\AppData\Local\Programs\Python\Python312\Lib\site-packages\django\template\base.py", line 1005, in render
    return SafeString("".join([node.render_annotated(context) for node in self]))
                               ^^^^^^^^^^^^^^^^^^^^^^^^^^^^^^
  File "C:\Users\teja0\AppData\Local\Programs\Python\Python312\Lib\site-packages\django\template\base.py", line 966, in render_annotated
    return self.render(context)
           ^^^^^^^^^^^^^^^^^^^^
  File "C:\Users\teja0\AppData\Local\Programs\Python\Python312\Lib\site-packages\django\template\loader_tags.py", line 157, in render
    return compiled_parent._render(context)
           ^^^^^^^^^^^^^^^^^^^^^^^^^^^^^^^^
  File "C:\Users\teja0\AppData\Local\Programs\Python\Python312\Lib\site-packages\django\template\base.py", line 167, in _render
    return self.nodelist.render(context)
           ^^^^^^^^^^^^^^^^^^^^^^^^^^^^^
  File "C:\Users\teja0\AppData\Local\Programs\Python\Python312\Lib\site-packages\django\template\base.py", line 1005, in render
    return SafeString("".join([node.render_annotated(context) for node in self]))
                               ^^^^^^^^^^^^^^^^^^^^^^^^^^^^^^
  File "C:\Users\teja0\AppData\Local\Programs\Python\Python312\Lib\site-packages\django\template\base.py", line 966, in render_annotated
    return self.render(context)
           ^^^^^^^^^^^^^^^^^^^^
  File "C:\Users\teja0\AppData\Local\Programs\Python\Python312\Lib\site-packages\django\template\loader_tags.py", line 157, in render
    return compiled_parent._render(context)
           ^^^^^^^^^^^^^^^^^^^^^^^^^^^^^^^^
  File "C:\Users\teja0\AppData\Local\Programs\Python\Python312\Lib\site-packages\django\template\base.py", line 167, in _render
    return self.nodelist.render(context)
           ^^^^^^^^^^^^^^^^^^^^^^^^^^^^^
  File "C:\Users\teja0\AppData\Local\Programs\Python\Python312\Lib\site-packages\django\template\base.py", line 1005, in render
    return SafeString("".join([node.render_annotated(context) for node in self]))
                               ^^^^^^^^^^^^^^^^^^^^^^^^^^^^^^
  File "C:\Users\teja0\AppData\Local\Programs\Python\Python312\Lib\site-packages\django\template\base.py", line 966, in render_annotated
    return self.render(context)
           ^^^^^^^^^^^^^^^^^^^^
  File "C:\Users\teja0\AppData\Local\Programs\Python\Python312\Lib\site-packages\django\template\loader_tags.py", line 63, in render
    result = block.nodelist.render(context)
             ^^^^^^^^^^^^^^^^^^^^^^^^^^^^^^
  File "C:\Users\teja0\AppData\Local\Programs\Python\Python312\Lib\site-packages\django\template\base.py", line 1005, in render
    return SafeString("".join([node.render_annotated(context) for node in self]))
                               ^^^^^^^^^^^^^^^^^^^^^^^^^^^^^^
  File "C:\Users\teja0\AppData\Local\Programs\Python\Python312\Lib\site-packages\django\template\base.py", line 966, in render_annotated
    return self.render(context)
           ^^^^^^^^^^^^^^^^^^^^
  File "C:\Users\teja0\AppData\Local\Programs\Python\Python312\Lib\site-packages\django\templatetags\static.py", line 116, in render
    url = self.url(context)
          ^^^^^^^^^^^^^^^^^
  File "C:\Users\teja0\AppData\Local\Programs\Python\Python312\Lib\site-packages\django\templatetags\static.py", line 113, in url
    return self.handle_simple(path)
           ^^^^^^^^^^^^^^^^^^^^^^^^
  File "C:\Users\teja0\AppData\Local\Programs\Python\Python312\Lib\site-packages\django\templatetags\static.py", line 129, in handle_simple
    return staticfiles_storage.url(path)
           ^^^^^^^^^^^^^^^^^^^^^^^^^^^^^
  File "C:\Users\teja0\AppData\Local\Programs\Python\Python312\Lib\site-packages\django\contrib\staticfiles\storage.py", line 203, in url
    return self._url(self.stored_name, name, force)
           ^^^^^^^^^^^^^^^^^^^^^^^^^^^^^^^^^^^^^^^^
  File "C:\Users\teja0\AppData\Local\Programs\Python\Python312\Lib\site-packages\django\contrib\staticfiles\storage.py", line 182, in _url
    hashed_name = hashed_name_func(*args)
                  ^^^^^^^^^^^^^^^^^^^^^^^
  File "C:\Users\teja0\AppData\Local\Programs\Python\Python312\Lib\site-packages\django\contrib\staticfiles\storage.py", line 513, in stored_name
    raise ValueError(
ValueError: Missing staticfiles manifest entry for 'admin/css/base.css'
ERROR 2025-05-25 03:15:10,061 basehttp "GET /admin/login/?next=/admin/ HTTP/1.1" 500 145
ERROR 2025-05-25 03:15:14,555 log Internal Server Error: /admin/login/
Traceback (most recent call last):
  File "C:\Users\teja0\AppData\Local\Programs\Python\Python312\Lib\site-packages\django\core\handlers\exception.py", line 55, in inner
    response = get_response(request)
               ^^^^^^^^^^^^^^^^^^^^^
  File "C:\Users\teja0\AppData\Local\Programs\Python\Python312\Lib\site-packages\django\core\handlers\base.py", line 220, in _get_response
    response = response.render()
               ^^^^^^^^^^^^^^^^^
  File "C:\Users\teja0\AppData\Local\Programs\Python\Python312\Lib\site-packages\django\template\response.py", line 114, in render
    self.content = self.rendered_content
                   ^^^^^^^^^^^^^^^^^^^^^
  File "C:\Users\teja0\AppData\Local\Programs\Python\Python312\Lib\site-packages\django\template\response.py", line 92, in rendered_content
    return template.render(context, self._request)
           ^^^^^^^^^^^^^^^^^^^^^^^^^^^^^^^^^^^^^^^
  File "C:\Users\teja0\AppData\Local\Programs\Python\Python312\Lib\site-packages\django\template\backends\django.py", line 61, in render
    return self.template.render(context)
           ^^^^^^^^^^^^^^^^^^^^^^^^^^^^^
  File "C:\Users\teja0\AppData\Local\Programs\Python\Python312\Lib\site-packages\django\template\base.py", line 175, in render
    return self._render(context)
           ^^^^^^^^^^^^^^^^^^^^^
  File "C:\Users\teja0\AppData\Local\Programs\Python\Python312\Lib\site-packages\django\template\base.py", line 167, in _render
    return self.nodelist.render(context)
           ^^^^^^^^^^^^^^^^^^^^^^^^^^^^^
  File "C:\Users\teja0\AppData\Local\Programs\Python\Python312\Lib\site-packages\django\template\base.py", line 1005, in render
    return SafeString("".join([node.render_annotated(context) for node in self]))
                               ^^^^^^^^^^^^^^^^^^^^^^^^^^^^^^
  File "C:\Users\teja0\AppData\Local\Programs\Python\Python312\Lib\site-packages\django\template\base.py", line 966, in render_annotated
    return self.render(context)
           ^^^^^^^^^^^^^^^^^^^^
  File "C:\Users\teja0\AppData\Local\Programs\Python\Python312\Lib\site-packages\django\template\loader_tags.py", line 157, in render
    return compiled_parent._render(context)
           ^^^^^^^^^^^^^^^^^^^^^^^^^^^^^^^^
  File "C:\Users\teja0\AppData\Local\Programs\Python\Python312\Lib\site-packages\django\template\base.py", line 167, in _render
    return self.nodelist.render(context)
           ^^^^^^^^^^^^^^^^^^^^^^^^^^^^^
  File "C:\Users\teja0\AppData\Local\Programs\Python\Python312\Lib\site-packages\django\template\base.py", line 1005, in render
    return SafeString("".join([node.render_annotated(context) for node in self]))
                               ^^^^^^^^^^^^^^^^^^^^^^^^^^^^^^
  File "C:\Users\teja0\AppData\Local\Programs\Python\Python312\Lib\site-packages\django\template\base.py", line 966, in render_annotated
    return self.render(context)
           ^^^^^^^^^^^^^^^^^^^^
  File "C:\Users\teja0\AppData\Local\Programs\Python\Python312\Lib\site-packages\django\template\loader_tags.py", line 157, in render
    return compiled_parent._render(context)
           ^^^^^^^^^^^^^^^^^^^^^^^^^^^^^^^^
  File "C:\Users\teja0\AppData\Local\Programs\Python\Python312\Lib\site-packages\django\template\base.py", line 167, in _render
    return self.nodelist.render(context)
           ^^^^^^^^^^^^^^^^^^^^^^^^^^^^^
  File "C:\Users\teja0\AppData\Local\Programs\Python\Python312\Lib\site-packages\django\template\base.py", line 1005, in render
    return SafeString("".join([node.render_annotated(context) for node in self]))
                               ^^^^^^^^^^^^^^^^^^^^^^^^^^^^^^
  File "C:\Users\teja0\AppData\Local\Programs\Python\Python312\Lib\site-packages\django\template\base.py", line 966, in render_annotated
    return self.render(context)
           ^^^^^^^^^^^^^^^^^^^^
  File "C:\Users\teja0\AppData\Local\Programs\Python\Python312\Lib\site-packages\django\template\loader_tags.py", line 63, in render
    result = block.nodelist.render(context)
             ^^^^^^^^^^^^^^^^^^^^^^^^^^^^^^
  File "C:\Users\teja0\AppData\Local\Programs\Python\Python312\Lib\site-packages\django\template\base.py", line 1005, in render
    return SafeString("".join([node.render_annotated(context) for node in self]))
                               ^^^^^^^^^^^^^^^^^^^^^^^^^^^^^^
  File "C:\Users\teja0\AppData\Local\Programs\Python\Python312\Lib\site-packages\django\template\base.py", line 966, in render_annotated
    return self.render(context)
           ^^^^^^^^^^^^^^^^^^^^
  File "C:\Users\teja0\AppData\Local\Programs\Python\Python312\Lib\site-packages\django\templatetags\static.py", line 116, in render
    url = self.url(context)
          ^^^^^^^^^^^^^^^^^
  File "C:\Users\teja0\AppData\Local\Programs\Python\Python312\Lib\site-packages\django\templatetags\static.py", line 113, in url
    return self.handle_simple(path)
           ^^^^^^^^^^^^^^^^^^^^^^^^
  File "C:\Users\teja0\AppData\Local\Programs\Python\Python312\Lib\site-packages\django\templatetags\static.py", line 129, in handle_simple
    return staticfiles_storage.url(path)
           ^^^^^^^^^^^^^^^^^^^^^^^^^^^^^
  File "C:\Users\teja0\AppData\Local\Programs\Python\Python312\Lib\site-packages\django\contrib\staticfiles\storage.py", line 203, in url
    return self._url(self.stored_name, name, force)
           ^^^^^^^^^^^^^^^^^^^^^^^^^^^^^^^^^^^^^^^^
  File "C:\Users\teja0\AppData\Local\Programs\Python\Python312\Lib\site-packages\django\contrib\staticfiles\storage.py", line 182, in _url
    hashed_name = hashed_name_func(*args)
                  ^^^^^^^^^^^^^^^^^^^^^^^
  File "C:\Users\teja0\AppData\Local\Programs\Python\Python312\Lib\site-packages\django\contrib\staticfiles\storage.py", line 513, in stored_name
    raise ValueError(
ValueError: Missing staticfiles manifest entry for 'admin/css/base.css'
ERROR 2025-05-25 03:15:14,560 basehttp "GET /admin/login/?next=/admin/ HTTP/1.1" 500 145
INFO 2025-05-25 03:15:17,432 basehttp "GET /admin/ HTTP/1.1" 302 0
ERROR 2025-05-25 03:15:17,435 log Internal Server Error: /admin/login/
Traceback (most recent call last):
  File "C:\Users\teja0\AppData\Local\Programs\Python\Python312\Lib\site-packages\django\core\handlers\exception.py", line 55, in inner
    response = get_response(request)
               ^^^^^^^^^^^^^^^^^^^^^
  File "C:\Users\teja0\AppData\Local\Programs\Python\Python312\Lib\site-packages\django\core\handlers\base.py", line 220, in _get_response
    response = response.render()
               ^^^^^^^^^^^^^^^^^
  File "C:\Users\teja0\AppData\Local\Programs\Python\Python312\Lib\site-packages\django\template\response.py", line 114, in render
    self.content = self.rendered_content
                   ^^^^^^^^^^^^^^^^^^^^^
  File "C:\Users\teja0\AppData\Local\Programs\Python\Python312\Lib\site-packages\django\template\response.py", line 92, in rendered_content
    return template.render(context, self._request)
           ^^^^^^^^^^^^^^^^^^^^^^^^^^^^^^^^^^^^^^^
  File "C:\Users\teja0\AppData\Local\Programs\Python\Python312\Lib\site-packages\django\template\backends\django.py", line 61, in render
    return self.template.render(context)
           ^^^^^^^^^^^^^^^^^^^^^^^^^^^^^
  File "C:\Users\teja0\AppData\Local\Programs\Python\Python312\Lib\site-packages\django\template\base.py", line 175, in render
    return self._render(context)
           ^^^^^^^^^^^^^^^^^^^^^
  File "C:\Users\teja0\AppData\Local\Programs\Python\Python312\Lib\site-packages\django\template\base.py", line 167, in _render
    return self.nodelist.render(context)
           ^^^^^^^^^^^^^^^^^^^^^^^^^^^^^
  File "C:\Users\teja0\AppData\Local\Programs\Python\Python312\Lib\site-packages\django\template\base.py", line 1005, in render
    return SafeString("".join([node.render_annotated(context) for node in self]))
                               ^^^^^^^^^^^^^^^^^^^^^^^^^^^^^^
  File "C:\Users\teja0\AppData\Local\Programs\Python\Python312\Lib\site-packages\django\template\base.py", line 966, in render_annotated
    return self.render(context)
           ^^^^^^^^^^^^^^^^^^^^
  File "C:\Users\teja0\AppData\Local\Programs\Python\Python312\Lib\site-packages\django\template\loader_tags.py", line 157, in render
    return compiled_parent._render(context)
           ^^^^^^^^^^^^^^^^^^^^^^^^^^^^^^^^
  File "C:\Users\teja0\AppData\Local\Programs\Python\Python312\Lib\site-packages\django\template\base.py", line 167, in _render
    return self.nodelist.render(context)
           ^^^^^^^^^^^^^^^^^^^^^^^^^^^^^
  File "C:\Users\teja0\AppData\Local\Programs\Python\Python312\Lib\site-packages\django\template\base.py", line 1005, in render
    return SafeString("".join([node.render_annotated(context) for node in self]))
                               ^^^^^^^^^^^^^^^^^^^^^^^^^^^^^^
  File "C:\Users\teja0\AppData\Local\Programs\Python\Python312\Lib\site-packages\django\template\base.py", line 966, in render_annotated
    return self.render(context)
           ^^^^^^^^^^^^^^^^^^^^
  File "C:\Users\teja0\AppData\Local\Programs\Python\Python312\Lib\site-packages\django\template\loader_tags.py", line 157, in render
    return compiled_parent._render(context)
           ^^^^^^^^^^^^^^^^^^^^^^^^^^^^^^^^
  File "C:\Users\teja0\AppData\Local\Programs\Python\Python312\Lib\site-packages\django\template\base.py", line 167, in _render
    return self.nodelist.render(context)
           ^^^^^^^^^^^^^^^^^^^^^^^^^^^^^
  File "C:\Users\teja0\AppData\Local\Programs\Python\Python312\Lib\site-packages\django\template\base.py", line 1005, in render
    return SafeString("".join([node.render_annotated(context) for node in self]))
                               ^^^^^^^^^^^^^^^^^^^^^^^^^^^^^^
  File "C:\Users\teja0\AppData\Local\Programs\Python\Python312\Lib\site-packages\django\template\base.py", line 966, in render_annotated
    return self.render(context)
           ^^^^^^^^^^^^^^^^^^^^
  File "C:\Users\teja0\AppData\Local\Programs\Python\Python312\Lib\site-packages\django\template\loader_tags.py", line 63, in render
    result = block.nodelist.render(context)
             ^^^^^^^^^^^^^^^^^^^^^^^^^^^^^^
  File "C:\Users\teja0\AppData\Local\Programs\Python\Python312\Lib\site-packages\django\template\base.py", line 1005, in render
    return SafeString("".join([node.render_annotated(context) for node in self]))
                               ^^^^^^^^^^^^^^^^^^^^^^^^^^^^^^
  File "C:\Users\teja0\AppData\Local\Programs\Python\Python312\Lib\site-packages\django\template\base.py", line 966, in render_annotated
    return self.render(context)
           ^^^^^^^^^^^^^^^^^^^^
  File "C:\Users\teja0\AppData\Local\Programs\Python\Python312\Lib\site-packages\django\templatetags\static.py", line 116, in render
    url = self.url(context)
          ^^^^^^^^^^^^^^^^^
  File "C:\Users\teja0\AppData\Local\Programs\Python\Python312\Lib\site-packages\django\templatetags\static.py", line 113, in url
    return self.handle_simple(path)
           ^^^^^^^^^^^^^^^^^^^^^^^^
  File "C:\Users\teja0\AppData\Local\Programs\Python\Python312\Lib\site-packages\django\templatetags\static.py", line 129, in handle_simple
    return staticfiles_storage.url(path)
           ^^^^^^^^^^^^^^^^^^^^^^^^^^^^^
  File "C:\Users\teja0\AppData\Local\Programs\Python\Python312\Lib\site-packages\django\contrib\staticfiles\storage.py", line 203, in url
    return self._url(self.stored_name, name, force)
           ^^^^^^^^^^^^^^^^^^^^^^^^^^^^^^^^^^^^^^^^
  File "C:\Users\teja0\AppData\Local\Programs\Python\Python312\Lib\site-packages\django\contrib\staticfiles\storage.py", line 182, in _url
    hashed_name = hashed_name_func(*args)
                  ^^^^^^^^^^^^^^^^^^^^^^^
  File "C:\Users\teja0\AppData\Local\Programs\Python\Python312\Lib\site-packages\django\contrib\staticfiles\storage.py", line 513, in stored_name
    raise ValueError(
ValueError: Missing staticfiles manifest entry for 'admin/css/base.css'
ERROR 2025-05-25 03:15:17,440 basehttp "GET /admin/login/?next=/admin/ HTTP/1.1" 500 145
INFO 2025-05-25 03:15:56,199 autoreload D:\New folder (3)\order-process\ordercycle\urls.py changed, reloading.
INFO 2025-05-25 03:15:56,904 autoreload Watching for file changes with StatReloader
INFO 2025-05-25 03:16:06,387 basehttp "GET /admin-dashboard HTTP/1.1" 301 0
ERROR 2025-05-25 03:16:06,644 log Internal Server Error: /admin-dashboard/
Traceback (most recent call last):
  File "C:\Users\teja0\AppData\Local\Programs\Python\Python312\Lib\site-packages\django\core\handlers\exception.py", line 55, in inner
    response = get_response(request)
               ^^^^^^^^^^^^^^^^^^^^^
  File "C:\Users\teja0\AppData\Local\Programs\Python\Python312\Lib\site-packages\django\core\handlers\base.py", line 197, in _get_response
    response = wrapped_callback(request, *callback_args, **callback_kwargs)
               ^^^^^^^^^^^^^^^^^^^^^^^^^^^^^^^^^^^^^^^^^^^^^^^^^^^^^^^^^^^^
  File "D:\New folder (3)\order-process\ordercycle\views\base.py", line 52, in admin_dashboard_view
    return render(request, 'admin_dashboard.html')
           ^^^^^^^^^^^^^^^^^^^^^^^^^^^^^^^^^^^^^^^
  File "C:\Users\teja0\AppData\Local\Programs\Python\Python312\Lib\site-packages\django\shortcuts.py", line 24, in render
    content = loader.render_to_string(template_name, context, request, using=using)
              ^^^^^^^^^^^^^^^^^^^^^^^^^^^^^^^^^^^^^^^^^^^^^^^^^^^^^^^^^^^^^^^^^^^^^
  File "C:\Users\teja0\AppData\Local\Programs\Python\Python312\Lib\site-packages\django\template\loader.py", line 61, in render_to_string
    template = get_template(template_name, using=using)
               ^^^^^^^^^^^^^^^^^^^^^^^^^^^^^^^^^^^^^^^^
  File "C:\Users\teja0\AppData\Local\Programs\Python\Python312\Lib\site-packages\django\template\loader.py", line 19, in get_template
    raise TemplateDoesNotExist(template_name, chain=chain)
django.template.exceptions.TemplateDoesNotExist: admin_dashboard.html
ERROR 2025-05-25 03:16:06,668 basehttp "GET /admin-dashboard/ HTTP/1.1" 500 145
INFO 2025-05-25 03:16:31,449 basehttp "GET /admin-dashboard/ HTTP/1.1" 200 1756
INFO 2025-05-25 03:16:52,331 basehttp "GET /image-upload/ HTTP/1.1" 200 13550
INFO 2025-05-25 03:16:54,292 basehttp "GET /admin-dashboard/ HTTP/1.1" 200 7610
INFO 2025-05-25 03:16:56,343 basehttp "GET /picker-management/ HTTP/1.1" 200 16892
INFO 2025-05-25 03:16:56,513 basehttp "GET /api/pickers/ HTTP/1.1" 200 54
INFO 2025-05-25 03:16:59,981 basehttp "GET /image-upload/ HTTP/1.1" 200 13550
INFO 2025-05-25 03:17:25,217 basehttp "GET /admin-dashboard/ HTTP/1.1" 200 7513
INFO 2025-05-25 03:17:38,468 basehttp "GET /image-upload/ HTTP/1.1" 200 13550
INFO 2025-05-25 03:17:42,124 basehttp "GET /picker-management/ HTTP/1.1" 200 16892
INFO 2025-05-25 03:17:42,205 basehttp "GET /api/pickers/ HTTP/1.1" 200 54
INFO 2025-05-25 03:22:20,745 autoreload D:\New folder (3)\order-process\ordercycle\api\serializers.py changed, reloading.
INFO 2025-05-25 03:22:21,471 autoreload Watching for file changes with StatReloader
INFO 2025-05-25 03:24:54,647 autoreload D:\New folder (3)\order-process\ordercycle\urls.py changed, reloading.
INFO 2025-05-25 03:24:55,293 autoreload Watching for file changes with StatReloader
INFO 2025-05-25 03:25:45,375 autoreload D:\New folder (3)\order-process\ordercycle\urls.py changed, reloading.
INFO 2025-05-25 03:25:46,112 autoreload Watching for file changes with StatReloader
INFO 2025-05-25 03:27:24,838 autoreload D:\New folder (3)\order-process\ordercycle\views\master_data.py changed, reloading.
INFO 2025-05-25 03:27:25,428 autoreload Watching for file changes with StatReloader
ERROR 2025-05-25 03:27:31,522 log Internal Server Error: /dashboard/master-data/
Traceback (most recent call last):
  File "C:\Users\teja0\AppData\Local\Programs\Python\Python312\Lib\site-packages\django\core\handlers\exception.py", line 55, in inner
    response = get_response(request)
               ^^^^^^^^^^^^^^^^^^^^^
  File "C:\Users\teja0\AppData\Local\Programs\Python\Python312\Lib\site-packages\django\core\handlers\base.py", line 197, in _get_response
    response = wrapped_callback(request, *callback_args, **callback_kwargs)
               ^^^^^^^^^^^^^^^^^^^^^^^^^^^^^^^^^^^^^^^^^^^^^^^^^^^^^^^^^^^^
  File "D:\New folder (3)\order-process\ordercycle\views\master_data.py", line 151, in master_data_dashboard
    return render(request, 'ordercycle/master_data_dashboard.html')
           ^^^^^^^^^^^^^^^^^^^^^^^^^^^^^^^^^^^^^^^^^^^^^^^^^^^^^^^^
  File "C:\Users\teja0\AppData\Local\Programs\Python\Python312\Lib\site-packages\django\shortcuts.py", line 24, in render
    content = loader.render_to_string(template_name, context, request, using=using)
              ^^^^^^^^^^^^^^^^^^^^^^^^^^^^^^^^^^^^^^^^^^^^^^^^^^^^^^^^^^^^^^^^^^^^^
  File "C:\Users\teja0\AppData\Local\Programs\Python\Python312\Lib\site-packages\django\template\loader.py", line 61, in render_to_string
    template = get_template(template_name, using=using)
               ^^^^^^^^^^^^^^^^^^^^^^^^^^^^^^^^^^^^^^^^
  File "C:\Users\teja0\AppData\Local\Programs\Python\Python312\Lib\site-packages\django\template\loader.py", line 19, in get_template
    raise TemplateDoesNotExist(template_name, chain=chain)
django.template.exceptions.TemplateDoesNotExist: ordercycle/master_data_dashboard.html
ERROR 2025-05-25 03:27:31,528 basehttp "GET /dashboard/master-data/ HTTP/1.1" 500 145
INFO 2025-05-25 03:27:58,153 autoreload D:\New folder (3)\order-process\ordercycle\views\master_data.py changed, reloading.
INFO 2025-05-25 03:27:58,841 autoreload Watching for file changes with StatReloader
INFO 2025-05-25 03:28:01,104 basehttp "GET /dashboard/master-data/ HTTP/1.1" 200 14745
INFO 2025-05-25 03:28:16,123 basehttp "POST /ajax/import-master-data/ HTTP/1.1" 200 193
INFO 2025-05-25 03:31:33,950 basehttp "GET /admin-dashboard/ HTTP/1.1" 200 7926
INFO 2025-05-25 03:31:36,116 basehttp "GET /dashboard/master-data/ HTTP/1.1" 200 14745
